Year,Age,Sex,Urban,Province,Value
2020,,,,,"287,310"
2021,,,,,"298,512"
2022,,,,,"309,714"
2023,,,,,"320,916"
2024,,,,,"332,118"
2025,,,,,"343,320"
2026,,,,,"354,463"
2027,,,,,"365,607"
2028,,,,,"376,751"
2029,,,,,"387,895"
2030,,,,,"399,038"
2031,,,,,"409,920"
2032,,,,,"420,802"
2033,,,,,"431,683"
2034,,,,,"442,565"
2035,,,,,"453,447"
2036,,,,,"464,080"
2037,,,,,"474,714"
2038,,,,,"485,347"
2039,,,,,"495,981"
2040,,,,,"506,614"
2041,,,,,"516,759"
2042,,,,,"526,904"
2043,,,,,"537,050"
2044,,,,,"547,195"
2045,,,,,"557,340"
2046,,,,,"566,710"
2047,,,,,"576,079"
2048,,,,,"585,449"
2049,,,,,"594,819"
2050,,,,,"604,188"
2020,0,,,,"7,571"
2021,0,,,,"7,752"
2022,0,,,,"7,932"
2023,0,,,,"8,112"
2024,0,,,,"8,292"
2025,0,,,,"8,473"
2026,0,,,,"8,542"
2027,0,,,,"8,611"
2028,0,,,,"8,680"
2029,0,,,,"8,750"
2030,0,,,,"8,819"
2031,0,,,,"8,869"
2032,0,,,,"8,920"
2033,0,,,,"8,970"
2034,0,,,,"9,021"
2035,0,,,,"9,071"
2036,0,,,,"9,138"
2037,0,,,,"9,204"
2038,0,,,,"9,271"
2039,0,,,,"9,337"
2040,0,,,,"9,404"
2041,0,,,,"9,436"
2042,0,,,,"9,468"
2043,0,,,,"9,500"
2044,0,,,,"9,532"
2045,0,,,,"9,564"
2046,0,,,,"9,555"
2047,0,,,,"9,546"
2048,0,,,,"9,538"
2049,0,,,,"9,529"
2050,0,,,,"9,520"
2020,1-4,,,,"32,681"
2021,1-4,,,,"33,841"
2022,1-4,,,,"35,002"
2023,1-4,,,,"36,162"
2024,1-4,,,,"37,323"
2025,1-4,,,,"38,483"
2026,1-4,,,,"38,877"
2027,1-4,,,,"39,271"
2028,1-4,,,,"39,664"
2029,1-4,,,,"40,058"
2030,1-4,,,,"40,452"
2031,1-4,,,,"41,007"
2032,1-4,,,,"41,561"
2033,1-4,,,,"42,115"
2034,1-4,,,,"42,670"
2035,1-4,,,,"43,224"
2036,1-4,,,,"43,577"
2037,1-4,,,,"43,929"
2038,1-4,,,,"44,281"
2039,1-4,,,,"44,633"
2040,1-4,,,,"44,986"
2041,1-4,,,,"45,247"
2042,1-4,,,,"45,508"
2043,1-4,,,,"45,769"
2044,1-4,,,,"46,030"
2045,1-4,,,,"46,292"
2046,1-4,,,,"46,631"
2047,1-4,,,,"46,970"
2048,1-4,,,,"47,309"
2049,1-4,,,,"47,649"
2050,1-4,,,,"47,988"
2020,5-9,,,,"37,890"
2021,5-9,,,,"38,284"
2022,5-9,,,,"38,677"
2023,5-9,,,,"39,071"
2024,5-9,,,,"39,464"
2025,5-9,,,,"39,858"
2026,5-9,,,,"40,412"
2027,5-9,,,,"40,967"
2028,5-9,,,,"41,522"
2029,5-9,,,,"42,076"
2030,5-9,,,,"42,631"
2031,5-9,,,,"42,983"
2032,5-9,,,,"43,334"
2033,5-9,,,,"43,686"
2034,5-9,,,,"44,038"
2035,5-9,,,,"44,390"
2036,5-9,,,,"44,650"
2037,5-9,,,,"44,911"
2038,5-9,,,,"45,171"
2039,5-9,,,,"45,431"
2040,5-9,,,,"45,692"
2041,5-9,,,,"46,031"
2042,5-9,,,,"46,370"
2043,5-9,,,,"46,709"
2044,5-9,,,,"47,048"
2045,5-9,,,,"47,387"
2046,5-9,,,,"47,555"
2047,5-9,,,,"47,724"
2048,5-9,,,,"47,892"
2049,5-9,,,,"48,061"
2050,5-9,,,,"48,229"
2020,10-14,,,,"32,681"
2021,10-14,,,,"33,841"
2022,10-14,,,,"35,002"
2023,10-14,,,,"36,162"
2024,10-14,,,,"37,323"
2025,10-14,,,,"38,483"
2026,10-14,,,,"38,877"
2027,10-14,,,,"39,271"
2028,10-14,,,,"39,664"
2029,10-14,,,,"40,058"
2030,10-14,,,,"40,452"
2031,10-14,,,,"41,007"
2032,10-14,,,,"41,561"
2033,10-14,,,,"42,115"
2034,10-14,,,,"42,670"
2035,10-14,,,,"43,224"
2036,10-14,,,,"43,577"
2037,10-14,,,,"43,929"
2038,10-14,,,,"44,281"
2039,10-14,,,,"44,633"
2040,10-14,,,,"44,986"
2041,10-14,,,,"45,247"
2042,10-14,,,,"45,508"
2043,10-14,,,,"45,769"
2044,10-14,,,,"46,030"
2045,10-14,,,,"46,292"
2046,10-14,,,,"46,631"
2047,10-14,,,,"46,970"
2048,10-14,,,,"47,309"
2049,10-14,,,,"47,649"
2050,10-14,,,,"47,988"
2020,15-19,,,,"26,569"
2021,15-19,,,,"27,773"
2022,15-19,,,,"28,977"
2023,15-19,,,,"30,181"
2024,15-19,,,,"31,385"
2025,15-19,,,,"32,589"
2026,15-19,,,,"33,747"
2027,15-19,,,,"34,905"
2028,15-19,,,,"36,064"
2029,15-19,,,,"37,222"
2030,15-19,,,,"38,380"
2031,15-19,,,,"38,774"
2032,15-19,,,,"39,168"
2033,15-19,,,,"39,562"
2034,15-19,,,,"39,955"
2035,15-19,,,,"40,349"
2036,15-19,,,,"40,904"
2037,15-19,,,,"41,458"
2038,15-19,,,,"42,013"
2039,15-19,,,,"42,567"
2040,15-19,,,,"43,122"
2041,15-19,,,,"43,475"
2042,15-19,,,,"43,828"
2043,15-19,,,,"44,181"
2044,15-19,,,,"44,534"
2045,15-19,,,,"44,887"
2046,15-19,,,,"45,148"
2047,15-19,,,,"45,410"
2048,15-19,,,,"45,672"
2049,15-19,,,,"45,934"
2050,15-19,,,,"46,196"
2020,20-24,,,,"24,931"
2021,20-24,,,,"24,866"
2022,20-24,,,,"24,801"
2023,20-24,,,,"24,736"
2024,20-24,,,,"24,671"
2025,20-24,,,,"24,606"
2026,20-24,,,,"25,805"
2027,20-24,,,,"27,003"
2028,20-24,,,,"28,202"
2029,20-24,,,,"29,401"
2030,20-24,,,,"30,600"
2031,20-24,,,,"31,754"
2032,20-24,,,,"32,908"
2033,20-24,,,,"34,061"
2034,20-24,,,,"35,215"
2035,20-24,,,,"36,369"
2036,20-24,,,,"36,763"
2037,20-24,,,,"37,158"
2038,20-24,,,,"37,552"
2039,20-24,,,,"37,947"
2040,20-24,,,,"38,342"
2041,20-24,,,,"38,896"
2042,20-24,,,,"39,451"
2043,20-24,,,,"40,005"
2044,20-24,,,,"40,560"
2045,20-24,,,,"41,114"
2046,20-24,,,,"41,468"
2047,20-24,,,,"41,821"
2048,20-24,,,,"42,175"
2049,20-24,,,,"42,528"
2050,20-24,,,,"42,882"
2020,25-29,,,,"23,373"
2021,25-29,,,,"24,057"
2022,25-29,,,,"24,741"
2023,25-29,,,,"25,425"
2024,25-29,,,,"26,108"
2025,25-29,,,,"26,792"
2026,25-29,,,,"26,729"
2027,25-29,,,,"26,666"
2028,25-29,,,,"26,603"
2029,25-29,,,,"26,540"
2030,25-29,,,,"26,477"
2031,25-29,,,,"27,670"
2032,25-29,,,,"28,862"
2033,25-29,,,,"30,055"
2034,25-29,,,,"31,247"
2035,25-29,,,,"32,440"
2036,25-29,,,,"33,589"
2037,25-29,,,,"34,738"
2038,25-29,,,,"35,887"
2039,25-29,,,,"37,036"
2040,25-29,,,,"38,185"
2041,25-29,,,,"38,580"
2042,25-29,,,,"38,974"
2043,25-29,,,,"39,369"
2044,25-29,,,,"39,764"
2045,25-29,,,,"40,159"
2046,25-29,,,,"40,713"
2047,25-29,,,,"41,267"
2048,25-29,,,,"41,820"
2049,25-29,,,,"42,374"
2050,25-29,,,,"42,928"
2020,30-34,,,,"20,128"
2021,30-34,,,,"21,462"
2022,30-34,,,,"22,795"
2023,30-34,,,,"24,129"
2024,30-34,,,,"25,462"
2025,30-34,,,,"26,796"
2026,30-34,,,,"27,476"
2027,30-34,,,,"28,156"
2028,30-34,,,,"28,837"
2029,30-34,,,,"29,517"
2030,30-34,,,,"30,197"
2031,30-34,,,,"30,136"
2032,30-34,,,,"30,075"
2033,30-34,,,,"30,013"
2034,30-34,,,,"29,952"
2035,30-34,,,,"29,891"
2036,30-34,,,,"31,077"
2037,30-34,,,,"32,263"
2038,30-34,,,,"33,450"
2039,30-34,,,,"34,636"
2040,30-34,,,,"35,822"
2041,30-34,,,,"36,966"
2042,30-34,,,,"38,110"
2043,30-34,,,,"39,254"
2044,30-34,,,,"40,398"
2045,30-34,,,,"41,543"
2046,30-34,,,,"41,937"
2047,30-34,,,,"42,332"
2048,30-34,,,,"42,727"
2049,30-34,,,,"43,121"
2050,30-34,,,,"43,516"
2020,35-39,,,,"16,415"
2021,35-39,,,,"17,692"
2022,35-39,,,,"18,969"
2023,35-39,,,,"20,247"
2024,35-39,,,,"21,524"
2025,35-39,,,,"22,802"
2026,35-39,,,,"24,124"
2027,35-39,,,,"25,446"
2028,35-39,,,,"26,768"
2029,35-39,,,,"28,091"
2030,35-39,,,,"29,413"
2031,35-39,,,,"30,089"
2032,35-39,,,,"30,764"
2033,35-39,,,,"31,440"
2034,35-39,,,,"32,115"
2035,35-39,,,,"32,791"
2036,35-39,,,,"32,732"
2037,35-39,,,,"32,674"
2038,35-39,,,,"32,616"
2039,35-39,,,,"32,557"
2040,35-39,,,,"32,499"
2041,35-39,,,,"33,678"
2042,35-39,,,,"34,857"
2043,35-39,,,,"36,036"
2044,35-39,,,,"37,215"
2045,35-39,,,,"38,394"
2046,35-39,,,,"39,531"
2047,35-39,,,,"40,669"
2048,35-39,,,,"41,806"
2049,35-39,,,,"42,944"
2050,35-39,,,,"44,081"
2020,40-44,,,,"14,538"
2021,40-44,,,,"15,544"
2022,40-44,,,,"16,551"
2023,40-44,,,,"17,557"
2024,40-44,,,,"18,563"
2025,40-44,,,,"19,569"
2026,40-44,,,,"20,831"
2027,40-44,,,,"22,093"
2028,40-44,,,,"23,355"
2029,40-44,,,,"24,617"
2030,40-44,,,,"25,879"
2031,40-44,,,,"27,185"
2032,40-44,,,,"28,492"
2033,40-44,,,,"29,798"
2034,40-44,,,,"31,104"
2035,40-44,,,,"32,410"
2036,40-44,,,,"33,081"
2037,40-44,,,,"33,751"
2038,40-44,,,,"34,421"
2039,40-44,,,,"35,092"
2040,40-44,,,,"35,762"
2041,40-44,,,,"35,708"
2042,40-44,,,,"35,654"
2043,40-44,,,,"35,600"
2044,40-44,,,,"35,545"
2045,40-44,,,,"35,491"
2046,40-44,,,,"36,659"
2047,40-44,,,,"37,827"
2048,40-44,,,,"38,995"
2049,40-44,,,,"40,163"
2050,40-44,,,,"41,331"
2020,45-49,,,,"13,074"
2021,45-49,,,,"13,825"
2022,45-49,,,,"14,576"
2023,45-49,,,,"15,328"
2024,45-49,,,,"16,079"
2025,45-49,,,,"16,831"
2026,45-49,,,,"17,817"
2027,45-49,,,,"18,804"
2028,45-49,,,,"19,791"
2029,45-49,,,,"20,777"
2030,45-49,,,,"21,764"
2031,45-49,,,,"23,003"
2032,45-49,,,,"24,242"
2033,45-49,,,,"25,481"
2034,45-49,,,,"26,720"
2035,45-49,,,,"27,959"
2036,45-49,,,,"29,243"
2037,45-49,,,,"30,528"
2038,45-49,,,,"31,812"
2039,45-49,,,,"33,096"
2040,45-49,,,,"34,381"
2041,45-49,,,,"35,044"
2042,45-49,,,,"35,707"
2043,45-49,,,,"36,370"
2044,45-49,,,,"37,033"
2045,45-49,,,,"37,696"
2046,45-49,,,,"37,647"
2047,45-49,,,,"37,598"
2048,45-49,,,,"37,549"
2049,45-49,,,,"37,500"
2050,45-49,,,,"37,450"
2020,50-54,,,,"10,652"
2021,50-54,,,,"11,574"
2022,50-54,,,,"12,496"
2023,50-54,,,,"13,418"
2024,50-54,,,,"14,340"
2025,50-54,,,,"15,262"
2026,50-54,,,,"15,992"
2027,50-54,,,,"16,721"
2028,50-54,,,,"17,450"
2029,50-54,,,,"18,180"
2030,50-54,,,,"18,909"
2031,50-54,,,,"19,865"
2032,50-54,,,,"20,822"
2033,50-54,,,,"21,779"
2034,50-54,,,,"22,735"
2035,50-54,,,,"23,692"
2036,50-54,,,,"24,898"
2037,50-54,,,,"26,104"
2038,50-54,,,,"27,310"
2039,50-54,,,,"28,516"
2040,50-54,,,,"29,722"
2041,50-54,,,,"30,974"
2042,50-54,,,,"32,225"
2043,50-54,,,,"33,477"
2044,50-54,,,,"34,728"
2045,50-54,,,,"35,980"
2046,50-54,,,,"36,630"
2047,50-54,,,,"37,280"
2048,50-54,,,,"37,930"
2049,50-54,,,,"38,580"
2050,50-54,,,,"39,230"
2020,55-59,,,,"8,503"
2021,55-59,,,,"9,167"
2022,55-59,,,,"9,830"
2023,55-59,,,,"10,493"
2024,55-59,,,,"11,156"
2025,55-59,,,,"11,819"
2026,55-59,,,,"12,696"
2027,55-59,,,,"13,573"
2028,55-59,,,,"14,449"
2029,55-59,,,,"15,326"
2030,55-59,,,,"16,203"
2031,55-59,,,,"16,899"
2032,55-59,,,,"17,595"
2033,55-59,,,,"18,291"
2034,55-59,,,,"18,988"
2035,55-59,,,,"19,684"
2036,55-59,,,,"20,599"
2037,55-59,,,,"21,513"
2038,55-59,,,,"22,428"
2039,55-59,,,,"23,343"
2040,55-59,,,,"24,258"
2041,55-59,,,,"25,416"
2042,55-59,,,,"26,574"
2043,55-59,,,,"27,732"
2044,55-59,,,,"28,890"
2045,55-59,,,,"30,048"
2046,55-59,,,,"31,248"
2047,55-59,,,,"32,449"
2048,55-59,,,,"33,649"
2049,55-59,,,,"34,849"
2050,55-59,,,,"36,050"
2020,60-64,,,,"6,803"
2021,60-64,,,,"7,299"
2022,60-64,,,,"7,795"
2023,60-64,,,,"8,291"
2024,60-64,,,,"8,787"
2025,60-64,,,,"9,283"
2026,60-64,,,,"9,898"
2027,60-64,,,,"10,513"
2028,60-64,,,,"11,127"
2029,60-64,,,,"11,742"
2030,60-64,,,,"12,356"
2031,60-64,,,,"13,167"
2032,60-64,,,,"13,977"
2033,60-64,,,,"14,788"
2034,60-64,,,,"15,599"
2035,60-64,,,,"16,409"
2036,60-64,,,,"17,060"
2037,60-64,,,,"17,712"
2038,60-64,,,,"18,363"
2039,60-64,,,,"19,014"
2040,60-64,,,,"19,666"
2041,60-64,,,,"20,521"
2042,60-64,,,,"21,376"
2043,60-64,,,,"22,231"
2044,60-64,,,,"23,086"
2045,60-64,,,,"23,941"
2046,60-64,,,,"25,026"
2047,60-64,,,,"26,112"
2048,60-64,,,,"27,197"
2049,60-64,,,,"28,283"
2050,60-64,,,,"29,369"
2020,65-69,,,,"4,844"
2021,65-69,,,,"5,274"
2022,65-69,,,,"5,705"
2023,65-69,,,,"6,135"
2024,65-69,,,,"6,565"
2025,65-69,,,,"6,995"
2026,65-69,,,,"7,436"
2027,65-69,,,,"7,876"
2028,65-69,,,,"8,316"
2029,65-69,,,,"8,756"
2030,65-69,,,,"9,196"
2031,65-69,,,,"9,743"
2032,65-69,,,,"10,290"
2033,65-69,,,,"10,837"
2034,65-69,,,,"11,384"
2035,65-69,,,,"11,930"
2036,65-69,,,,"12,653"
2037,65-69,,,,"13,376"
2038,65-69,,,,"14,099"
2039,65-69,,,,"14,821"
2040,65-69,,,,"15,544"
2041,65-69,,,,"16,134"
2042,65-69,,,,"16,724"
2043,65-69,,,,"17,314"
2044,65-69,,,,"17,903"
2045,65-69,,,,"18,493"
2046,65-69,,,,"19,262"
2047,65-69,,,,"20,031"
2048,65-69,,,,"20,800"
2049,65-69,,,,"21,569"
2050,65-69,,,,"22,338"
2020,70-74,,,,"3,166"
2021,70-74,,,,"3,429"
2022,70-74,,,,"3,693"
2023,70-74,,,,"3,957"
2024,70-74,,,,"4,220"
2025,70-74,,,,"4,484"
2026,70-74,,,,"4,841"
2027,70-74,,,,"5,198"
2028,70-74,,,,"5,555"
2029,70-74,,,,"5,912"
2030,70-74,,,,"6,269"
2031,70-74,,,,"6,635"
2032,70-74,,,,"7,002"
2033,70-74,,,,"7,368"
2034,70-74,,,,"7,734"
2035,70-74,,,,"8,100"
2036,70-74,,,,"8,564"
2037,70-74,,,,"9,027"
2038,70-74,,,,"9,491"
2039,70-74,,,,"9,954"
2040,70-74,,,,"10,418"
2041,70-74,,,,"11,029"
2042,70-74,,,,"11,640"
2043,70-74,,,,"12,251"
2044,70-74,,,,"12,862"
2045,70-74,,,,"13,473"
2046,70-74,,,,"13,979"
2047,70-74,,,,"14,484"
2048,70-74,,,,"14,990"
2049,70-74,,,,"15,495"
2050,70-74,,,,"16,001"
2020,75-79,,,,"2,149"
2021,75-79,,,,"2,251"
2022,75-79,,,,"2,353"
2023,75-79,,,,"2,454"
2024,75-79,,,,"2,556"
2025,75-79,,,,"2,658"
2026,75-79,,,,"2,856"
2027,75-79,,,,"3,054"
2028,75-79,,,,"3,252"
2029,75-79,,,,"3,450"
2030,75-79,,,,"3,648"
2031,75-79,,,,"3,918"
2032,75-79,,,,"4,187"
2033,75-79,,,,"4,457"
2034,75-79,,,,"4,726"
2035,75-79,,,,"4,995"
2036,75-79,,,,"5,275"
2037,75-79,,,,"5,555"
2038,75-79,,,,"5,834"
2039,75-79,,,,"6,114"
2040,75-79,,,,"6,393"
2041,75-79,,,,"6,756"
2042,75-79,,,,"7,119"
2043,75-79,,,,"7,482"
2044,75-79,,,,"7,845"
2045,75-79,,,,"8,208"
2046,75-79,,,,"8,682"
2047,75-79,,,,"9,155"
2048,75-79,,,,"9,628"
2049,75-79,,,,"10,102"
2050,75-79,,,,"10,575"
2020,80-84,,,,"1,208"
2021,80-84,,,,"1,259"
2022,80-84,,,,"1,311"
2023,80-84,,,,"1,362"
2024,80-84,,,,"1,413"
2025,80-84,,,,"1,465"
2026,80-84,,,,"1,534"
2027,80-84,,,,"1,603"
2028,80-84,,,,"1,673"
2029,80-84,,,,"1,742"
2030,80-84,,,,"1,811"
2031,80-84,,,,"1,941"
2032,80-84,,,,"2,070"
2033,80-84,,,,"2,200"
2034,80-84,,,,"2,329"
2035,80-84,,,,"2,459"
2036,80-84,,,,"2,637"
2037,80-84,,,,"2,816"
2038,80-84,,,,"2,995"
2039,80-84,,,,"3,174"
2040,80-84,,,,"3,353"
2041,80-84,,,,"3,540"
2042,80-84,,,,"3,727"
2043,80-84,,,,"3,914"
2044,80-84,,,,"4,101"
2045,80-84,,,,"4,288"
2046,80-84,,,,"4,536"
2047,80-84,,,,"4,784"
2048,80-84,,,,"5,032"
2049,80-84,,,,"5,280"
2050,80-84,,,,"5,528"
2020,85+,,,,"1,149"
2021,85+,,,,"1,123"
2022,85+,,,,"1,096"
2023,85+,,,,"1,069"
2024,85+,,,,"1,043"
2025,85+,,,,"1,016"
2026,85+,,,,"1,030"
2027,85+,,,,"1,044"
2028,85+,,,,"1,059"
2029,85+,,,,"1,073"
2030,85+,,,,"1,087"
2031,85+,,,,"1,130"
2032,85+,,,,"1,174"
2033,85+,,,,"1,217"
2034,85+,,,,"1,261"
2035,85+,,,,"1,304"
2036,85+,,,,"1,391"
2037,85+,,,,"1,477"
2038,85+,,,,"1,564"
2039,85+,,,,"1,650"
2040,85+,,,,"1,737"
2041,85+,,,,"1,865"
2042,85+,,,,"1,994"
2043,85+,,,,"2,123"
2044,85+,,,,"2,252"
2045,85+,,,,"2,381"
2046,85+,,,,"2,528"
2047,85+,,,,"2,674"
2048,85+,,,,"2,821"
2049,85+,,,,"2,968"
2050,85+,,,,"3,115"
2020,,Male,,,145264
2021,,Male,,,151483
2022,,Male,,,157702
2023,,Male,,,163921
2024,,Male,,,170139
2025,,Male,,,176358
2026,,Male,,,182477
2027,,Male,,,188597
2028,,Male,,,194716
2029,,Male,,,200836
2030,,Male,,,206955
2031,,Male,,,212740
2032,,Male,,,218524
2033,,Male,,,224308
2034,,Male,,,230092
2035,,Male,,,235876
2036,,Male,,,241452
2037,,Male,,,247027
2038,,Male,,,252602
2039,,Male,,,258178
2040,,Male,,,263753
2041,,Male,,,268995
2042,,Male,,,274236
2043,,Male,,,279478
2044,,Male,,,284719
2045,,Male,,,289961
2046,,Male,,,294726
2047,,Male,,,299491
2048,,Male,,,304256
2049,,Male,,,309021
2050,,Male,,,313786
2020,0,Male,,,"3,821"
2021,0,Male,,,"3,929"
2022,0,Male,,,"4,038"
2023,0,Male,,,"4,146"
2024,0,Male,,,"4,254"
2025,0,Male,,,"4,363"
2026,0,Male,,,"4,398"
2027,0,Male,,,"4,434"
2028,0,Male,,,"4,470"
2029,0,Male,,,"4,505"
2030,0,Male,,,"4,541"
2031,0,Male,,,"4,540"
2032,0,Male,,,"4,538"
2033,0,Male,,,"4,537"
2034,0,Male,,,"4,536"
2035,0,Male,,,"4,535"
2036,0,Male,,,"4,568"
2037,0,Male,,,"4,600"
2038,0,Male,,,"4,633"
2039,0,Male,,,"4,666"
2040,0,Male,,,"4,699"
2041,0,Male,,,"4,715"
2042,0,Male,,,"4,730"
2043,0,Male,,,"4,746"
2044,0,Male,,,"4,762"
2045,0,Male,,,"4,777"
2046,0,Male,,,"4,773"
2047,0,Male,,,"4,768"
2048,0,Male,,,"4,763"
2049,0,Male,,,"4,759"
2050,0,Male,,,"4,754"
2020,1-4,Male,,,"16,365"
2021,1-4,Male,,,"16,529"
2022,1-4,Male,,,"16,693"
2023,1-4,Male,,,"16,857"
2024,1-4,Male,,,"17,021"
2025,1-4,Male,,,"17,185"
2026,1-4,Male,,,"17,330"
2027,1-4,Male,,,"17,475"
2028,1-4,Male,,,"17,620"
2029,1-4,Male,,,"17,765"
2030,1-4,Male,,,"17,910"
2031,1-4,Male,,,"17,909"
2032,1-4,Male,,,"17,908"
2033,1-4,Male,,,"17,908"
2034,1-4,Male,,,"17,907"
2035,1-4,Male,,,"17,907"
2036,1-4,Male,,,"18,041"
2037,1-4,Male,,,"18,175"
2038,1-4,Male,,,"18,309"
2039,1-4,Male,,,"18,443"
2040,1-4,Male,,,"18,577"
2041,1-4,Male,,,"18,644"
2042,1-4,Male,,,"18,711"
2043,1-4,Male,,,"18,778"
2044,1-4,Male,,,"18,845"
2045,1-4,Male,,,"18,912"
2046,1-4,Male,,,"18,898"
2047,1-4,Male,,,"18,883"
2048,1-4,Male,,,"18,869"
2049,1-4,Male,,,"18,854"
2050,1-4,Male,,,"18,840"
2020,5-9,Male,,,"19,660"
2021,5-9,Male,,,"19,843"
2022,5-9,Male,,,"20,025"
2023,5-9,Male,,,"20,207"
2024,5-9,Male,,,"20,390"
2025,5-9,Male,,,"20,572"
2026,5-9,Male,,,"20,844"
2027,5-9,Male,,,"21,116"
2028,5-9,Male,,,"21,387"
2029,5-9,Male,,,"21,659"
2030,5-9,Male,,,"21,931"
2031,5-9,Male,,,"22,112"
2032,5-9,Male,,,"22,293"
2033,5-9,Male,,,"22,474"
2034,5-9,Male,,,"22,655"
2035,5-9,Male,,,"22,837"
2036,5-9,Male,,,"22,838"
2037,5-9,Male,,,"22,839"
2038,5-9,Male,,,"22,840"
2039,5-9,Male,,,"22,841"
2040,5-9,Male,,,"22,842"
2041,5-9,Male,,,"23,010"
2042,5-9,Male,,,"23,179"
2043,5-9,Male,,,"23,347"
2044,5-9,Male,,,"23,515"
2045,5-9,Male,,,"23,684"
2046,5-9,Male,,,"23,768"
2047,5-9,Male,,,"23,852"
2048,5-9,Male,,,"23,936"
2049,5-9,Male,,,"24,020"
2050,5-9,Male,,,"24,104"
2020,10-14,Male,,,"17,035"
2021,10-14,Male,,,"17,636"
2022,10-14,Male,,,"18,238"
2023,10-14,Male,,,"18,839"
2024,10-14,Male,,,"19,441"
2025,10-14,Male,,,"20,042"
2026,10-14,Male,,,"20,225"
2027,10-14,Male,,,"20,407"
2028,10-14,Male,,,"20,590"
2029,10-14,Male,,,"20,772"
2030,10-14,Male,,,"20,955"
2031,10-14,Male,,,"21,226"
2032,10-14,Male,,,"21,498"
2033,10-14,Male,,,"21,770"
2034,10-14,Male,,,"22,041"
2035,10-14,Male,,,"22,313"
2036,10-14,Male,,,"22,494"
2037,10-14,Male,,,"22,676"
2038,10-14,Male,,,"22,857"
2039,10-14,Male,,,"23,039"
2040,10-14,Male,,,"23,220"
2041,10-14,Male,,,"23,222"
2042,10-14,Male,,,"23,224"
2043,10-14,Male,,,"23,226"
2044,10-14,Male,,,"23,227"
2045,10-14,Male,,,"23,229"
2046,10-14,Male,,,"23,398"
2047,10-14,Male,,,"23,566"
2048,10-14,Male,,,"23,735"
2049,10-14,Male,,,"23,903"
2050,10-14,Male,,,"24,072"
2020,15-19,Male,,,"13,633"
2021,15-19,Male,,,"14,300"
2022,15-19,Male,,,"14,968"
2023,15-19,Male,,,"15,636"
2024,15-19,Male,,,"16,304"
2025,15-19,Male,,,"16,972"
2026,15-19,Male,,,"17,572"
2027,15-19,Male,,,"18,172"
2028,15-19,Male,,,"18,772"
2029,15-19,Male,,,"19,372"
2030,15-19,Male,,,"19,972"
2031,15-19,Male,,,"20,154"
2032,15-19,Male,,,"20,337"
2033,15-19,Male,,,"20,520"
2034,15-19,Male,,,"20,702"
2035,15-19,Male,,,"20,885"
2036,15-19,Male,,,"21,157"
2037,15-19,Male,,,"21,428"
2038,15-19,Male,,,"21,700"
2039,15-19,Male,,,"21,971"
2040,15-19,Male,,,"22,243"
2041,15-19,Male,,,"22,425"
2042,15-19,Male,,,"22,607"
2043,15-19,Male,,,"22,789"
2044,15-19,Male,,,"22,971"
2045,15-19,Male,,,"23,152"
2046,15-19,Male,,,"23,155"
2047,15-19,Male,,,"23,158"
2048,15-19,Male,,,"23,160"
2049,15-19,Male,,,"23,163"
2050,15-19,Male,,,"23,165"
2020,20-24,Male,,,"12,296"
2021,20-24,Male,,,"12,307"
2022,20-24,Male,,,"12,319"
2023,20-24,Male,,,"12,330"
2024,20-24,Male,,,"12,342"
2025,20-24,Male,,,"12,353"
2026,20-24,Male,,,"13,017"
2027,20-24,Male,,,"13,682"
2028,20-24,Male,,,"14,346"
2029,20-24,Male,,,"15,010"
2030,20-24,Male,,,"15,674"
2031,20-24,Male,,,"16,271"
2032,20-24,Male,,,"16,868"
2033,20-24,Male,,,"17,465"
2034,20-24,Male,,,"18,062"
2035,20-24,Male,,,"18,659"
2036,20-24,Male,,,"18,842"
2037,20-24,Male,,,"19,025"
2038,20-24,Male,,,"19,208"
2039,20-24,Male,,,"19,391"
2040,20-24,Male,,,"19,575"
2041,20-24,Male,,,"19,846"
2042,20-24,Male,,,"20,118"
2043,20-24,Male,,,"20,390"
2044,20-24,Male,,,"20,661"
2045,20-24,Male,,,"20,933"
2046,20-24,Male,,,"21,115"
2047,20-24,Male,,,"21,298"
2048,20-24,Male,,,"21,480"
2049,20-24,Male,,,"21,662"
2050,20-24,Male,,,"21,844"
2020,25-29,Male,,,"11,475"
2021,25-29,Male,,,"11,881"
2022,25-29,Male,,,"12,287"
2023,25-29,Male,,,"12,693"
2024,25-29,Male,,,"13,099"
2025,25-29,Male,,,"13,505"
2026,25-29,Male,,,"13,517"
2027,25-29,Male,,,"13,530"
2028,25-29,Male,,,"13,542"
2029,25-29,Male,,,"13,555"
2030,25-29,Male,,,"13,567"
2031,25-29,Male,,,"14,227"
2032,25-29,Male,,,"14,887"
2033,25-29,Male,,,"15,546"
2034,25-29,Male,,,"16,206"
2035,25-29,Male,,,"16,865"
2036,25-29,Male,,,"17,459"
2037,25-29,Male,,,"18,053"
2038,25-29,Male,,,"18,646"
2039,25-29,Male,,,"19,240"
2040,25-29,Male,,,"19,834"
2041,25-29,Male,,,"20,017"
2042,25-29,Male,,,"20,201"
2043,25-29,Male,,,"20,384"
2044,25-29,Male,,,"20,568"
2045,25-29,Male,,,"20,751"
2046,25-29,Male,,,"21,023"
2047,25-29,Male,,,"21,294"
2048,25-29,Male,,,"21,565"
2049,25-29,Male,,,"21,836"
2050,25-29,Male,,,"22,107"
2020,30-34,Male,,,"9,734"
2021,30-34,Male,,,"10,528"
2022,30-34,Male,,,"11,321"
2023,30-34,Male,,,"12,114"
2024,30-34,Male,,,"12,908"
2025,30-34,Male,,,"13,701"
2026,30-34,Male,,,"14,104"
2027,30-34,Male,,,"14,507"
2028,30-34,Male,,,"14,911"
2029,30-34,Male,,,"15,314"
2030,30-34,Male,,,"15,717"
2031,30-34,Male,,,"15,730"
2032,30-34,Male,,,"15,744"
2033,30-34,Male,,,"15,757"
2034,30-34,Male,,,"15,770"
2035,30-34,Male,,,"15,784"
2036,30-34,Male,,,"16,439"
2037,30-34,Male,,,"17,094"
2038,30-34,Male,,,"17,749"
2039,30-34,Male,,,"18,404"
2040,30-34,Male,,,"19,059"
2041,30-34,Male,,,"19,650"
2042,30-34,Male,,,"20,240"
2043,30-34,Male,,,"20,830"
2044,30-34,Male,,,"21,421"
2045,30-34,Male,,,"22,011"
2046,30-34,Male,,,"22,194"
2047,30-34,Male,,,"22,378"
2048,30-34,Male,,,"22,561"
2049,30-34,Male,,,"22,745"
2050,30-34,Male,,,"22,928"
2020,35-39,Male,,,"8,184"
2021,35-39,Male,,,"8,842"
2022,35-39,Male,,,"9,501"
2023,35-39,Male,,,"10,159"
2024,35-39,Male,,,"10,817"
2025,35-39,Male,,,"11,476"
2026,35-39,Male,,,"12,261"
2027,35-39,Male,,,"13,045"
2028,35-39,Male,,,"13,830"
2029,35-39,Male,,,"14,615"
2030,35-39,Male,,,"15,400"
2031,35-39,Male,,,"15,800"
2032,35-39,Male,,,"16,199"
2033,35-39,Male,,,"16,599"
2034,35-39,Male,,,"16,998"
2035,35-39,Male,,,"17,398"
2036,35-39,Male,,,"17,413"
2037,35-39,Male,,,"17,428"
2038,35-39,Male,,,"17,442"
2039,35-39,Male,,,"17,457"
2040,35-39,Male,,,"17,472"
2041,35-39,Male,,,"18,122"
2042,35-39,Male,,,"18,772"
2043,35-39,Male,,,"19,421"
2044,35-39,Male,,,"20,071"
2045,35-39,Male,,,"20,721"
2046,35-39,Male,,,"21,307"
2047,35-39,Male,,,"21,893"
2048,35-39,Male,,,"22,479"
2049,35-39,Male,,,"23,064"
2050,35-39,Male,,,"23,650"
2020,40-44,Male,,,"7,265"
2021,40-44,Male,,,"7,859"
2022,40-44,Male,,,"8,453"
2023,40-44,Male,,,"9,047"
2024,40-44,Male,,,"9,642"
2025,40-44,Male,,,"10,236"
2026,40-44,Male,,,"10,884"
2027,40-44,Male,,,"11,532"
2028,40-44,Male,,,"12,180"
2029,40-44,Male,,,"12,828"
2030,40-44,Male,,,"13,476"
2031,40-44,Male,,,"14,249"
2032,40-44,Male,,,"15,022"
2033,40-44,Male,,,"15,794"
2034,40-44,Male,,,"16,567"
2035,40-44,Male,,,"17,340"
2036,40-44,Male,,,"17,735"
2037,40-44,Male,,,"18,131"
2038,40-44,Male,,,"18,526"
2039,40-44,Male,,,"18,921"
2040,40-44,Male,,,"19,317"
2041,40-44,Male,,,"19,334"
2042,40-44,Male,,,"19,350"
2043,40-44,Male,,,"19,367"
2044,40-44,Male,,,"19,384"
2045,40-44,Male,,,"19,401"
2046,40-44,Male,,,"20,043"
2047,40-44,Male,,,"20,684"
2048,40-44,Male,,,"21,326"
2049,40-44,Male,,,"21,968"
2050,40-44,Male,,,"22,610"
2020,45-49,Male,,,"6,675"
2021,45-49,Male,,,"7,091"
2022,45-49,Male,,,"7,508"
2023,45-49,Male,,,"7,924"
2024,45-49,Male,,,"8,341"
2025,45-49,Male,,,"8,757"
2026,45-49,Male,,,"9,337"
2027,45-49,Male,,,"9,916"
2028,45-49,Male,,,"10,496"
2029,45-49,Male,,,"11,076"
2030,45-49,Male,,,"11,655"
2031,45-49,Male,,,"12,288"
2032,45-49,Male,,,"12,921"
2033,45-49,Male,,,"13,553"
2034,45-49,Male,,,"14,186"
2035,45-49,Male,,,"14,818"
2036,45-49,Male,,,"15,574"
2037,45-49,Male,,,"16,331"
2038,45-49,Male,,,"17,087"
2039,45-49,Male,,,"17,843"
2040,45-49,Male,,,"18,599"
2041,45-49,Male,,,"18,988"
2042,45-49,Male,,,"19,377"
2043,45-49,Male,,,"19,766"
2044,45-49,Male,,,"20,156"
2045,45-49,Male,,,"20,545"
2046,45-49,Male,,,"20,564"
2047,45-49,Male,,,"20,583"
2048,45-49,Male,,,"20,602"
2049,45-49,Male,,,"20,621"
2050,45-49,Male,,,"20,640"
2020,50-54,Male,,,"5,287"
2021,50-54,Male,,,"5,849"
2022,50-54,Male,,,"6,411"
2023,50-54,Male,,,"6,973"
2024,50-54,Male,,,"7,535"
2025,50-54,Male,,,"8,097"
2026,50-54,Male,,,"8,497"
2027,50-54,Male,,,"8,898"
2028,50-54,Male,,,"9,298"
2029,50-54,Male,,,"9,699"
2030,50-54,Male,,,"10,099"
2031,50-54,Male,,,"10,656"
2032,50-54,Male,,,"11,213"
2033,50-54,Male,,,"11,771"
2034,50-54,Male,,,"12,328"
2035,50-54,Male,,,"12,885"
2036,50-54,Male,,,"13,495"
2037,50-54,Male,,,"14,105"
2038,50-54,Male,,,"14,715"
2039,50-54,Male,,,"15,325"
2040,50-54,Male,,,"15,935"
2041,50-54,Male,,,"16,666"
2042,50-54,Male,,,"17,397"
2043,50-54,Male,,,"18,127"
2044,50-54,Male,,,"18,858"
2045,50-54,Male,,,"19,589"
2046,50-54,Male,,,"19,967"
2047,50-54,Male,,,"20,346"
2048,50-54,Male,,,"20,724"
2049,50-54,Male,,,"21,102"
2050,50-54,Male,,,"21,481"
2020,55-59,Male,,,"4,231"
2021,55-59,Male,,,"4,596"
2022,55-59,Male,,,"4,961"
2023,55-59,Male,,,"5,326"
2024,55-59,Male,,,"5,691"
2025,55-59,Male,,,"6,056"
2026,55-59,Male,,,"6,583"
2027,55-59,Male,,,"7,110"
2028,55-59,Male,,,"7,637"
2029,55-59,Male,,,"8,164"
2030,55-59,Male,,,"8,691"
2031,55-59,Male,,,"9,067"
2032,55-59,Male,,,"9,444"
2033,55-59,Male,,,"9,820"
2034,55-59,Male,,,"10,197"
2035,55-59,Male,,,"10,573"
2036,55-59,Male,,,"11,098"
2037,55-59,Male,,,"11,623"
2038,55-59,Male,,,"12,149"
2039,55-59,Male,,,"12,674"
2040,55-59,Male,,,"13,199"
2041,55-59,Male,,,"13,776"
2042,55-59,Male,,,"14,353"
2043,55-59,Male,,,"14,930"
2044,55-59,Male,,,"15,507"
2045,55-59,Male,,,"16,084"
2046,55-59,Male,,,"16,776"
2047,55-59,Male,,,"17,467"
2048,55-59,Male,,,"18,159"
2049,55-59,Male,,,"18,850"
2050,55-59,Male,,,"19,541"
2020,60-64,Male,,,"3,322"
2021,60-64,Male,,,"3,608"
2022,60-64,Male,,,"3,895"
2023,60-64,Male,,,"4,181"
2024,60-64,Male,,,"4,468"
2025,60-64,Male,,,"4,754"
2026,60-64,Male,,,"5,084"
2027,60-64,Male,,,"5,414"
2028,60-64,Male,,,"5,745"
2029,60-64,Male,,,"6,075"
2030,60-64,Male,,,"6,405"
2031,60-64,Male,,,"6,882"
2032,60-64,Male,,,"7,358"
2033,60-64,Male,,,"7,835"
2034,60-64,Male,,,"8,312"
2035,60-64,Male,,,"8,788"
2036,60-64,Male,,,"9,131"
2037,60-64,Male,,,"9,474"
2038,60-64,Male,,,"9,817"
2039,60-64,Male,,,"10,160"
2040,60-64,Male,,,"10,503"
2041,60-64,Male,,,"10,983"
2042,60-64,Male,,,"11,462"
2043,60-64,Male,,,"11,941"
2044,60-64,Male,,,"12,420"
2045,60-64,Male,,,"12,900"
2046,60-64,Male,,,"13,427"
2047,60-64,Male,,,"13,955"
2048,60-64,Male,,,"14,483"
2049,60-64,Male,,,"15,010"
2050,60-64,Male,,,"15,538"
2020,65-69,Male,,,"2,446"
2021,65-69,Male,,,"2,654"
2022,65-69,Male,,,"2,862"
2023,65-69,Male,,,"3,070"
2024,65-69,Male,,,"3,278"
2025,65-69,Male,,,"3,486"
2026,65-69,Male,,,"3,730"
2027,65-69,Male,,,"3,975"
2028,65-69,Male,,,"4,220"
2029,65-69,Male,,,"4,465"
2030,65-69,Male,,,"4,710"
2031,65-69,Male,,,"4,993"
2032,65-69,Male,,,"5,276"
2033,65-69,Male,,,"5,559"
2034,65-69,Male,,,"5,842"
2035,65-69,Male,,,"6,125"
2036,65-69,Male,,,"6,534"
2037,65-69,Male,,,"6,944"
2038,65-69,Male,,,"7,354"
2039,65-69,Male,,,"7,763"
2040,65-69,Male,,,"8,173"
2041,65-69,Male,,,"8,471"
2042,65-69,Male,,,"8,768"
2043,65-69,Male,,,"9,066"
2044,65-69,Male,,,"9,363"
2045,65-69,Male,,,"9,661"
2046,65-69,Male,,,"10,076"
2047,65-69,Male,,,"10,491"
2048,65-69,Male,,,"10,906"
2049,65-69,Male,,,"11,321"
2050,65-69,Male,,,"11,736"
2020,70-74,Male,,,"1,552"
2021,70-74,Male,,,"1,693"
2022,70-74,Male,,,"1,833"
2023,70-74,Male,,,"1,974"
2024,70-74,Male,,,"2,115"
2025,70-74,Male,,,"2,255"
2026,70-74,Male,,,"2,419"
2027,70-74,Male,,,"2,582"
2028,70-74,Male,,,"2,746"
2029,70-74,Male,,,"2,910"
2030,70-74,Male,,,"3,073"
2031,70-74,Male,,,"3,267"
2032,70-74,Male,,,"3,460"
2033,70-74,Male,,,"3,653"
2034,70-74,Male,,,"3,847"
2035,70-74,Male,,,"4,040"
2036,70-74,Male,,,"4,266"
2037,70-74,Male,,,"4,492"
2038,70-74,Male,,,"4,718"
2039,70-74,Male,,,"4,944"
2040,70-74,Male,,,"5,171"
2041,70-74,Male,,,"5,498"
2042,70-74,Male,,,"5,826"
2043,70-74,Male,,,"6,154"
2044,70-74,Male,,,"6,482"
2045,70-74,Male,,,"6,810"
2046,70-74,Male,,,"7,050"
2047,70-74,Male,,,"7,290"
2048,70-74,Male,,,"7,529"
2049,70-74,Male,,,"7,769"
2050,70-74,Male,,,"8,009"
2020,75-79,Male,,,"1,107"
2021,75-79,Male,,,"1,145"
2022,75-79,Male,,,"1,182"
2023,75-79,Male,,,"1,220"
2024,75-79,Male,,,"1,257"
2025,75-79,Male,,,"1,295"
2026,75-79,Male,,,"1,394"
2027,75-79,Male,,,"1,493"
2028,75-79,Male,,,"1,593"
2029,75-79,Male,,,"1,692"
2030,75-79,Male,,,"1,792"
2031,75-79,Male,,,"1,907"
2032,75-79,Male,,,"2,022"
2033,75-79,Male,,,"2,137"
2034,75-79,Male,,,"2,252"
2035,75-79,Male,,,"2,366"
2036,75-79,Male,,,"2,503"
2037,75-79,Male,,,"2,639"
2038,75-79,Male,,,"2,776"
2039,75-79,Male,,,"2,912"
2040,75-79,Male,,,"3,049"
2041,75-79,Male,,,"3,211"
2042,75-79,Male,,,"3,374"
2043,75-79,Male,,,"3,537"
2044,75-79,Male,,,"3,700"
2045,75-79,Male,,,"3,862"
2046,75-79,Male,,,"4,098"
2047,75-79,Male,,,"4,334"
2048,75-79,Male,,,"4,569"
2049,75-79,Male,,,"4,805"
2050,75-79,Male,,,"5,040"
2020,80-84,Male,,,609
2021,80-84,Male,,,635
2022,80-84,Male,,,660
2023,80-84,Male,,,685
2024,80-84,Male,,,711
2025,80-84,Male,,,736
2026,80-84,Male,,,760
2027,80-84,Male,,,783
2028,80-84,Male,,,807
2029,80-84,Male,,,831
2030,80-84,Male,,,854
2031,80-84,Male,,,915
2032,80-84,Male,,,976
2033,80-84,Male,,,"1,036"
2034,80-84,Male,,,"1,097"
2035,80-84,Male,,,"1,157"
2036,80-84,Male,,,"1,227"
2037,80-84,Male,,,"1,297"
2038,80-84,Male,,,"1,366"
2039,80-84,Male,,,"1,436"
2040,80-84,Male,,,"1,505"
2041,80-84,Male,,,"1,588"
2042,80-84,Male,,,"1,670"
2043,80-84,Male,,,"1,752"
2044,80-84,Male,,,"1,834"
2045,80-84,Male,,,"1,917"
2046,80-84,Male,,,"2,017"
2047,80-84,Male,,,"2,117"
2048,80-84,Male,,,"2,217"
2049,80-84,Male,,,"2,317"
2050,80-84,Male,,,"2,418"
2020,85+,Male,,,568
2021,85+,Male,,,558
2022,85+,Male,,,548
2023,85+,Male,,,538
2024,85+,Male,,,528
2025,85+,Male,,,518
2026,85+,Male,,,521
2027,85+,Male,,,524
2028,85+,Male,,,527
2029,85+,Male,,,530
2030,85+,Male,,,533
2031,85+,Male,,,547
2032,85+,Male,,,560
2033,85+,Male,,,574
2034,85+,Male,,,587
2035,85+,Male,,,601
2036,85+,Male,,,637
2037,85+,Male,,,673
2038,85+,Male,,,709
2039,85+,Male,,,745
2040,85+,Male,,,781
2041,85+,Male,,,829
2042,85+,Male,,,877
2043,85+,Male,,,925
2044,85+,Male,,,973
2045,85+,Male,,,"1,021"
2046,85+,Male,,,"1,078"
2047,85+,Male,,,"1,135"
2048,85+,Male,,,"1,193"
2049,85+,Male,,,"1,250"
2050,85+,Male,,,"1,307"
2020,,Female,,,"142,046"
2021,,Female,,,"147,029"
2022,,Female,,,"152,012"
2023,,Female,,,"156,995"
2024,,Female,,,"161,978"
2025,,Female,,,"166,962"
2026,,Female,,,"171,986"
2027,,Female,,,"177,010"
2028,,Female,,,"182,035"
2029,,Female,,,"187,059"
2030,,Female,,,"192,083"
2031,,Female,,,"197,181"
2032,,Female,,,"202,278"
2033,,Female,,,"207,376"
2034,,Female,,,"212,473"
2035,,Female,,,"217,571"
2036,,Female,,,"222,629"
2037,,Female,,,"227,687"
2038,,Female,,,"232,745"
2039,,Female,,,"237,803"
2040,,Female,,,"242,861"
2041,,Female,,,"247,765"
2042,,Female,,,"252,668"
2043,,Female,,,"257,572"
2044,,Female,,,"262,476"
2045,,Female,,,"267,379"
2046,,Female,,,"271,984"
2047,,Female,,,"276,588"
2048,,Female,,,"281,193"
2049,,Female,,,"285,798"
2050,,Female,,,"290,402"
2020,0,Female,,,"3,750"
2021,0,Female,,,"3,822"
2022,0,Female,,,"3,894"
2023,0,Female,,,"3,966"
2024,0,Female,,,"4,038"
2025,0,Female,,,"4,110"
2026,0,Female,,,"4,144"
2027,0,Female,,,"4,177"
2028,0,Female,,,"4,211"
2029,0,Female,,,"4,245"
2030,0,Female,,,"4,278"
2031,0,Female,,,"4,330"
2032,0,Female,,,"4,381"
2033,0,Female,,,"4,433"
2034,0,Female,,,"4,485"
2035,0,Female,,,"4,536"
2036,0,Female,,,"4,570"
2037,0,Female,,,"4,604"
2038,0,Female,,,"4,637"
2039,0,Female,,,"4,671"
2040,0,Female,,,"4,705"
2041,0,Female,,,"4,721"
2042,0,Female,,,"4,737"
2043,0,Female,,,"4,754"
2044,0,Female,,,"4,770"
2045,0,Female,,,"4,786"
2046,0,Female,,,"4,782"
2047,0,Female,,,"4,778"
2048,0,Female,,,"4,774"
2049,0,Female,,,"4,770"
2050,0,Female,,,"4,766"
2020,1-4,Female,,,"15,301"
2021,1-4,Female,,,"15,512"
2022,1-4,Female,,,"15,722"
2023,1-4,Female,,,"15,933"
2024,1-4,Female,,,"16,144"
2025,1-4,Female,,,"16,354"
2026,1-4,Female,,,"16,491"
2027,1-4,Female,,,"16,627"
2028,1-4,Female,,,"16,764"
2029,1-4,Female,,,"16,900"
2030,1-4,Female,,,"17,037"
2031,1-4,Female,,,"17,244"
2032,1-4,Female,,,"17,451"
2033,1-4,Female,,,"17,658"
2034,1-4,Female,,,"17,865"
2035,1-4,Female,,,"18,072"
2036,1-4,Female,,,"18,208"
2037,1-4,Female,,,"18,345"
2038,1-4,Female,,,"18,481"
2039,1-4,Female,,,"18,617"
2040,1-4,Female,,,"18,753"
2041,1-4,Female,,,"18,821"
2042,1-4,Female,,,"18,888"
2043,1-4,Female,,,"18,956"
2044,1-4,Female,,,"19,023"
2045,1-4,Female,,,"19,091"
2046,1-4,Female,,,"19,077"
2047,1-4,Female,,,"19,063"
2048,1-4,Female,,,"19,049"
2049,1-4,Female,,,"19,034"
2050,1-4,Female,,,"19,020"
2020,5-9,Female,,,"18,230"
2021,5-9,Female,,,"18,441"
2022,5-9,Female,,,"18,652"
2023,5-9,Female,,,"18,863"
2024,5-9,Female,,,"19,074"
2025,5-9,Female,,,"19,286"
2026,5-9,Female,,,"19,568"
2027,5-9,Female,,,"19,851"
2028,5-9,Female,,,"20,134"
2029,5-9,Female,,,"20,417"
2030,5-9,Female,,,"20,700"
2031,5-9,Female,,,"20,871"
2032,5-9,Female,,,"21,041"
2033,5-9,Female,,,"21,212"
2034,5-9,Female,,,"21,383"
2035,5-9,Female,,,"21,553"
2036,5-9,Female,,,"21,812"
2037,5-9,Female,,,"22,072"
2038,5-9,Female,,,"22,331"
2039,5-9,Female,,,"22,590"
2040,5-9,Female,,,"22,849"
2041,5-9,Female,,,"23,020"
2042,5-9,Female,,,"23,191"
2043,5-9,Female,,,"23,361"
2044,5-9,Female,,,"23,532"
2045,5-9,Female,,,"23,703"
2046,5-9,Female,,,"23,787"
2047,5-9,Female,,,"23,872"
2048,5-9,Female,,,"23,956"
2049,5-9,Female,,,"24,041"
2050,5-9,Female,,,"24,125"
2020,10-14,Female,,,"15,646"
2021,10-14,Female,,,"16,205"
2022,10-14,Female,,,"16,764"
2023,10-14,Female,,,"17,323"
2024,10-14,Female,,,"17,882"
2025,10-14,Female,,,"18,441"
2026,10-14,Female,,,"18,652"
2027,10-14,Female,,,"18,864"
2028,10-14,Female,,,"19,075"
2029,10-14,Female,,,"19,286"
2030,10-14,Female,,,"19,497"
2031,10-14,Female,,,"19,780"
2032,10-14,Female,,,"20,063"
2033,10-14,Female,,,"20,346"
2034,10-14,Female,,,"20,629"
2035,10-14,Female,,,"20,911"
2036,10-14,Female,,,"21,082"
2037,10-14,Female,,,"21,253"
2038,10-14,Female,,,"21,424"
2039,10-14,Female,,,"21,595"
2040,10-14,Female,,,"21,766"
2041,10-14,Female,,,"22,025"
2042,10-14,Female,,,"22,284"
2043,10-14,Female,,,"22,544"
2044,10-14,Female,,,"22,803"
2045,10-14,Female,,,"23,062"
2046,10-14,Female,,,"23,233"
2047,10-14,Female,,,"23,404"
2048,10-14,Female,,,"23,575"
2049,10-14,Female,,,"23,745"
2050,10-14,Female,,,"23,916"
2020,15-19,Female,,,"12,936"
2021,15-19,Female,,,"13,472"
2022,15-19,Female,,,"14,008"
2023,15-19,Female,,,"14,545"
2024,15-19,Female,,,"15,081"
2025,15-19,Female,,,"15,617"
2026,15-19,Female,,,"16,175"
2027,15-19,Female,,,"16,733"
2028,15-19,Female,,,"17,292"
2029,15-19,Female,,,"17,850"
2030,15-19,Female,,,"18,408"
2031,15-19,Female,,,"18,620"
2032,15-19,Female,,,"18,831"
2033,15-19,Female,,,"19,042"
2034,15-19,Female,,,"19,253"
2035,15-19,Female,,,"19,464"
2036,15-19,Female,,,"19,747"
2037,15-19,Female,,,"20,030"
2038,15-19,Female,,,"20,313"
2039,15-19,Female,,,"20,596"
2040,15-19,Female,,,"20,879"
2041,15-19,Female,,,"21,050"
2042,15-19,Female,,,"21,221"
2043,15-19,Female,,,"21,392"
2044,15-19,Female,,,"21,563"
2045,15-19,Female,,,"21,734"
2046,15-19,Female,,,"21,993"
2047,15-19,Female,,,"22,253"
2048,15-19,Female,,,"22,512"
2049,15-19,Female,,,"22,772"
2050,15-19,Female,,,"23,031"
2020,20-24,Female,,,"12,635"
2021,20-24,Female,,,"12,559"
2022,20-24,Female,,,"12,482"
2023,20-24,Female,,,"12,406"
2024,20-24,Female,,,"12,329"
2025,20-24,Female,,,"12,252"
2026,20-24,Female,,,"12,787"
2027,20-24,Female,,,"13,322"
2028,20-24,Female,,,"13,857"
2029,20-24,Female,,,"14,391"
2030,20-24,Female,,,"14,926"
2031,20-24,Female,,,"15,483"
2032,20-24,Female,,,"16,040"
2033,20-24,Female,,,"16,597"
2034,20-24,Female,,,"17,153"
2035,20-24,Female,,,"17,710"
2036,20-24,Female,,,"17,922"
2037,20-24,Female,,,"18,133"
2038,20-24,Female,,,"18,344"
2039,20-24,Female,,,"18,556"
2040,20-24,Female,,,"18,767"
2041,20-24,Female,,,"19,050"
2042,20-24,Female,,,"19,333"
2043,20-24,Female,,,"19,615"
2044,20-24,Female,,,"19,898"
2045,20-24,Female,,,"20,181"
2046,20-24,Female,,,"20,352"
2047,20-24,Female,,,"20,524"
2048,20-24,Female,,,"20,695"
2049,20-24,Female,,,"20,866"
2050,20-24,Female,,,"21,037"
2020,25-29,Female,,,"11,899"
2021,25-29,Female,,,"12,176"
2022,25-29,Female,,,"12,454"
2023,25-29,Female,,,"12,732"
2024,25-29,Female,,,"13,010"
2025,25-29,Female,,,"13,287"
2026,25-29,Female,,,"13,212"
2027,25-29,Female,,,"13,136"
2028,25-29,Female,,,"13,061"
2029,25-29,Female,,,"12,985"
2030,25-29,Female,,,"12,910"
2031,25-29,Female,,,"13,443"
2032,25-29,Female,,,"13,976"
2033,25-29,Female,,,"14,508"
2034,25-29,Female,,,"15,041"
2035,25-29,Female,,,"15,574"
2036,25-29,Female,,,"16,130"
2037,25-29,Female,,,"16,685"
2038,25-29,Female,,,"17,240"
2039,25-29,Female,,,"17,796"
2040,25-29,Female,,,"18,351"
2041,25-29,Female,,,"18,562"
2042,25-29,Female,,,"18,774"
2043,25-29,Female,,,"18,985"
2044,25-29,Female,,,"19,196"
2045,25-29,Female,,,"19,408"
2046,25-29,Female,,,"19,690"
2047,25-29,Female,,,"19,973"
2048,25-29,Female,,,"20,255"
2049,25-29,Female,,,"20,538"
2050,25-29,Female,,,"20,820"
2020,30-34,Female,,,"10,394"
2021,30-34,Female,,,"10,934"
2022,30-34,Female,,,"11,474"
2023,30-34,Female,,,"12,015"
2024,30-34,Female,,,"12,555"
2025,30-34,Female,,,"13,095"
2026,30-34,Female,,,"13,372"
2027,30-34,Female,,,"13,649"
2028,30-34,Female,,,"13,926"
2029,30-34,Female,,,"14,203"
2030,30-34,Female,,,"14,480"
2031,30-34,Female,,,"14,406"
2032,30-34,Female,,,"14,331"
2033,30-34,Female,,,"14,256"
2034,30-34,Female,,,"14,182"
2035,30-34,Female,,,"14,107"
2036,30-34,Female,,,"14,638"
2037,30-34,Female,,,"15,169"
2038,30-34,Female,,,"15,701"
2039,30-34,Female,,,"16,232"
2040,30-34,Female,,,"16,763"
2041,30-34,Female,,,"17,317"
2042,30-34,Female,,,"17,870"
2043,30-34,Female,,,"18,424"
2044,30-34,Female,,,"18,978"
2045,30-34,Female,,,"19,532"
2046,30-34,Female,,,"19,743"
2047,30-34,Female,,,"19,954"
2048,30-34,Female,,,"20,165"
2049,30-34,Female,,,"20,377"
2050,30-34,Female,,,"20,588"
2020,35-39,Female,,,"8,231"
2021,35-39,Female,,,"8,850"
2022,35-39,Female,,,"9,469"
2023,35-39,Female,,,"10,088"
2024,35-39,Female,,,"10,707"
2025,35-39,Female,,,"11,326"
2026,35-39,Female,,,"11,863"
2027,35-39,Female,,,"12,401"
2028,35-39,Female,,,"12,938"
2029,35-39,Female,,,"13,476"
2030,35-39,Female,,,"14,013"
2031,35-39,Female,,,"14,289"
2032,35-39,Female,,,"14,565"
2033,35-39,Female,,,"14,841"
2034,35-39,Female,,,"15,117"
2035,35-39,Female,,,"15,393"
2036,35-39,Female,,,"15,320"
2037,35-39,Female,,,"15,246"
2038,35-39,Female,,,"15,173"
2039,35-39,Female,,,"15,100"
2040,35-39,Female,,,"15,027"
2041,35-39,Female,,,"15,556"
2042,35-39,Female,,,"16,085"
2043,35-39,Female,,,"16,615"
2044,35-39,Female,,,"17,144"
2045,35-39,Female,,,"17,673"
2046,35-39,Female,,,"18,224"
2047,35-39,Female,,,"18,776"
2048,35-39,Female,,,"19,328"
2049,35-39,Female,,,"19,879"
2050,35-39,Female,,,"20,431"
2020,40-44,Female,,,"7,274"
2021,40-44,Female,,,"7,686"
2022,40-44,Female,,,"8,097"
2023,40-44,Female,,,"8,509"
2024,40-44,Female,,,"8,921"
2025,40-44,Female,,,"9,333"
2026,40-44,Female,,,"9,947"
2027,40-44,Female,,,"10,561"
2028,40-44,Female,,,"11,175"
2029,40-44,Female,,,"11,789"
2030,40-44,Female,,,"12,403"
2031,40-44,Female,,,"12,937"
2032,40-44,Female,,,"13,470"
2033,40-44,Female,,,"14,003"
2034,40-44,Female,,,"14,537"
2035,40-44,Female,,,"15,070"
2036,40-44,Female,,,"15,345"
2037,40-44,Female,,,"15,620"
2038,40-44,Female,,,"15,895"
2039,40-44,Female,,,"16,170"
2040,40-44,Female,,,"16,445"
2041,40-44,Female,,,"16,374"
2042,40-44,Female,,,"16,303"
2043,40-44,Female,,,"16,232"
2044,40-44,Female,,,"16,161"
2045,40-44,Female,,,"16,090"
2046,40-44,Female,,,"16,617"
2047,40-44,Female,,,"17,143"
2048,40-44,Female,,,"17,669"
2049,40-44,Female,,,"18,195"
2050,40-44,Female,,,"18,721"
2020,45-49,Female,,,"6,399"
2021,45-49,Female,,,"6,734"
2022,45-49,Female,,,"7,069"
2023,45-49,Female,,,"7,404"
2024,45-49,Female,,,"7,739"
2025,45-49,Female,,,"8,074"
2026,45-49,Female,,,"8,481"
2027,45-49,Female,,,"8,888"
2028,45-49,Female,,,"9,295"
2029,45-49,Female,,,"9,702"
2030,45-49,Female,,,"10,109"
2031,45-49,Female,,,"10,715"
2032,45-49,Female,,,"11,321"
2033,45-49,Female,,,"11,928"
2034,45-49,Female,,,"12,534"
2035,45-49,Female,,,"13,141"
2036,45-49,Female,,,"13,669"
2037,45-49,Female,,,"14,197"
2038,45-49,Female,,,"14,725"
2039,45-49,Female,,,"15,254"
2040,45-49,Female,,,"15,782"
2041,45-49,Female,,,"16,056"
2042,45-49,Female,,,"16,330"
2043,45-49,Female,,,"16,604"
2044,45-49,Female,,,"16,877"
2045,45-49,Female,,,"17,151"
2046,45-49,Female,,,"17,083"
2047,45-49,Female,,,"17,015"
2048,45-49,Female,,,"16,947"
2049,45-49,Female,,,"16,879"
2050,45-49,Female,,,"16,810"
2020,50-54,Female,,,"5,364"
2021,50-54,Female,,,"5,725"
2022,50-54,Female,,,"6,085"
2023,50-54,Female,,,"6,445"
2024,50-54,Female,,,"6,805"
2025,50-54,Female,,,"7,165"
2026,50-54,Female,,,"7,494"
2027,50-54,Female,,,"7,823"
2028,50-54,Female,,,"8,152"
2029,50-54,Female,,,"8,481"
2030,50-54,Female,,,"8,810"
2031,50-54,Female,,,"9,209"
2032,50-54,Female,,,"9,609"
2033,50-54,Female,,,"10,008"
2034,50-54,Female,,,"10,408"
2035,50-54,Female,,,"10,807"
2036,50-54,Female,,,"11,403"
2037,50-54,Female,,,"11,999"
2038,50-54,Female,,,"12,595"
2039,50-54,Female,,,"13,191"
2040,50-54,Female,,,"13,787"
2041,50-54,Female,,,"14,308"
2042,50-54,Female,,,"14,828"
2043,50-54,Female,,,"15,349"
2044,50-54,Female,,,"15,870"
2045,50-54,Female,,,"16,391"
2046,50-54,Female,,,"16,663"
2047,50-54,Female,,,"16,934"
2048,50-54,Female,,,"17,206"
2049,50-54,Female,,,"17,478"
2050,50-54,Female,,,"17,749"
2020,55-59,Female,,,"4,272"
2021,55-59,Female,,,"4,571"
2022,55-59,Female,,,"4,869"
2023,55-59,Female,,,"5,167"
2024,55-59,Female,,,"5,465"
2025,55-59,Female,,,"5,763"
2026,55-59,Female,,,"6,113"
2027,55-59,Female,,,"6,463"
2028,55-59,Female,,,"6,812"
2029,55-59,Female,,,"7,162"
2030,55-59,Female,,,"7,512"
2031,55-59,Female,,,"7,832"
2032,55-59,Female,,,"8,151"
2033,55-59,Female,,,"8,471"
2034,55-59,Female,,,"8,791"
2035,55-59,Female,,,"9,111"
2036,55-59,Female,,,"9,501"
2037,55-59,Female,,,"9,890"
2038,55-59,Female,,,"10,280"
2039,55-59,Female,,,"10,669"
2040,55-59,Female,,,"11,059"
2041,55-59,Female,,,"11,640"
2042,55-59,Female,,,"12,221"
2043,55-59,Female,,,"12,802"
2044,55-59,Female,,,"13,383"
2045,55-59,Female,,,"13,964"
2046,55-59,Female,,,"14,473"
2047,55-59,Female,,,"14,981"
2048,55-59,Female,,,"15,490"
2049,55-59,Female,,,"15,999"
2050,55-59,Female,,,"16,508"
2020,60-64,Female,,,"3,481"
2021,60-64,Female,,,"3,691"
2022,60-64,Female,,,"3,900"
2023,60-64,Female,,,"4,110"
2024,60-64,Female,,,"4,320"
2025,60-64,Female,,,"4,529"
2026,60-64,Female,,,"4,814"
2027,60-64,Female,,,"5,098"
2028,60-64,Female,,,"5,383"
2029,60-64,Female,,,"5,667"
2030,60-64,Female,,,"5,951"
2031,60-64,Female,,,"6,285"
2032,60-64,Female,,,"6,619"
2033,60-64,Female,,,"6,953"
2034,60-64,Female,,,"7,287"
2035,60-64,Female,,,"7,621"
2036,60-64,Female,,,"7,929"
2037,60-64,Female,,,"8,237"
2038,60-64,Female,,,"8,546"
2039,60-64,Female,,,"8,854"
2040,60-64,Female,,,"9,163"
2041,60-64,Female,,,"9,538"
2042,60-64,Female,,,"9,914"
2043,60-64,Female,,,"10,290"
2044,60-64,Female,,,"10,665"
2045,60-64,Female,,,"11,041"
2046,60-64,Female,,,"11,599"
2047,60-64,Female,,,"12,157"
2048,60-64,Female,,,"12,715"
2049,60-64,Female,,,"13,273"
2050,60-64,Female,,,"13,831"
2020,65-69,Female,,,"2,398"
2021,65-69,Female,,,"2,621"
2022,65-69,Female,,,"2,843"
2023,65-69,Female,,,"3,065"
2024,65-69,Female,,,"3,288"
2025,65-69,Female,,,"3,510"
2026,65-69,Female,,,"3,705"
2027,65-69,Female,,,"3,900"
2028,65-69,Female,,,"4,096"
2029,65-69,Female,,,"4,291"
2030,65-69,Female,,,"4,486"
2031,65-69,Female,,,"4,750"
2032,65-69,Female,,,"5,014"
2033,65-69,Female,,,"5,278"
2034,65-69,Female,,,"5,542"
2035,65-69,Female,,,"5,806"
2036,65-69,Female,,,"6,119"
2037,65-69,Female,,,"6,432"
2038,65-69,Female,,,"6,745"
2039,65-69,Female,,,"7,058"
2040,65-69,Female,,,"7,371"
2041,65-69,Female,,,"7,663"
2042,65-69,Female,,,"7,956"
2043,65-69,Female,,,"8,248"
2044,65-69,Female,,,"8,540"
2045,65-69,Female,,,"8,832"
2046,65-69,Female,,,"9,186"
2047,65-69,Female,,,"9,540"
2048,65-69,Female,,,"9,894"
2049,65-69,Female,,,"10,248"
2050,65-69,Female,,,"10,603"
2020,70-74,Female,,,"1,614"
2021,70-74,Female,,,"1,737"
2022,70-74,Female,,,"1,860"
2023,70-74,Female,,,"1,983"
2024,70-74,Female,,,"2,106"
2025,70-74,Female,,,"2,229"
2026,70-74,Female,,,"2,422"
2027,70-74,Female,,,"2,616"
2028,70-74,Female,,,"2,809"
2029,70-74,Female,,,"3,003"
2030,70-74,Female,,,"3,196"
2031,70-74,Female,,,"3,369"
2032,70-74,Female,,,"3,542"
2033,70-74,Female,,,"3,714"
2034,70-74,Female,,,"3,887"
2035,70-74,Female,,,"4,060"
2036,70-74,Female,,,"4,297"
2037,70-74,Female,,,"4,535"
2038,70-74,Female,,,"4,772"
2039,70-74,Female,,,"5,010"
2040,70-74,Female,,,"5,247"
2041,70-74,Female,,,"5,530"
2042,70-74,Female,,,"5,814"
2043,70-74,Female,,,"6,097"
2044,70-74,Female,,,"6,380"
2045,70-74,Female,,,"6,663"
2046,70-74,Female,,,"6,929"
2047,70-74,Female,,,"7,195"
2048,70-74,Female,,,"7,460"
2049,70-74,Female,,,"7,726"
2050,70-74,Female,,,"7,992"
2020,75-79,Female,,,"1,042"
2021,75-79,Female,,,"1,106"
2022,75-79,Female,,,"1,170"
2023,75-79,Female,,,"1,235"
2024,75-79,Female,,,"1,299"
2025,75-79,Female,,,"1,363"
2026,75-79,Female,,,"1,462"
2027,75-79,Female,,,"1,561"
2028,75-79,Female,,,"1,659"
2029,75-79,Female,,,"1,758"
2030,75-79,Female,,,"1,857"
2031,75-79,Female,,,"2,011"
2032,75-79,Female,,,"2,166"
2033,75-79,Female,,,"2,320"
2034,75-79,Female,,,"2,475"
2035,75-79,Female,,,"2,629"
2036,75-79,Female,,,"2,772"
2037,75-79,Female,,,"2,915"
2038,75-79,Female,,,"3,058"
2039,75-79,Female,,,"3,202"
2040,75-79,Female,,,"3,345"
2041,75-79,Female,,,"3,545"
2042,75-79,Female,,,"3,745"
2043,75-79,Female,,,"3,945"
2044,75-79,Female,,,"4,146"
2045,75-79,Female,,,"4,346"
2046,75-79,Female,,,"4,584"
2047,75-79,Female,,,"4,821"
2048,75-79,Female,,,"5,059"
2049,75-79,Female,,,"5,297"
2050,75-79,Female,,,"5,535"
2020,80-84,Female,,,599
2021,80-84,Female,,,625
2022,80-84,Female,,,651
2023,80-84,Female,,,677
2024,80-84,Female,,,703
2025,80-84,Female,,,729
2026,80-84,Female,,,774
2027,80-84,Female,,,820
2028,80-84,Female,,,866
2029,80-84,Female,,,911
2030,80-84,Female,,,957
2031,80-84,Female,,,"1,026"
2032,80-84,Female,,,"1,094"
2033,80-84,Female,,,"1,163"
2034,80-84,Female,,,"1,232"
2035,80-84,Female,,,"1,301"
2036,80-84,Female,,,"1,410"
2037,80-84,Female,,,"1,520"
2038,80-84,Female,,,"1,629"
2039,80-84,Female,,,"1,738"
2040,80-84,Female,,,"1,847"
2041,80-84,Female,,,"1,952"
2042,80-84,Female,,,"2,057"
2043,80-84,Female,,,"2,162"
2044,80-84,Female,,,"2,266"
2045,80-84,Female,,,"2,371"
2046,80-84,Female,,,"2,519"
2047,80-84,Female,,,"2,667"
2048,80-84,Female,,,"2,815"
2049,80-84,Female,,,"2,963"
2050,80-84,Female,,,"3,111"
2020,85+,Female,,,581
2021,85+,Female,,,565
2022,85+,Female,,,548
2023,85+,Female,,,531
2024,85+,Female,,,515
2025,85+,Female,,,498
2026,85+,Female,,,509
2027,85+,Female,,,520
2028,85+,Female,,,531
2029,85+,Female,,,543
2030,85+,Female,,,554
2031,85+,Female,,,584
2032,85+,Female,,,614
2033,85+,Female,,,644
2034,85+,Female,,,673
2035,85+,Female,,,703
2036,85+,Female,,,754
2037,85+,Female,,,804
2038,85+,Female,,,855
2039,85+,Female,,,905
2040,85+,Female,,,955
2041,85+,Female,,,"1,036"
2042,85+,Female,,,"1,117"
2043,85+,Female,,,"1,198"
2044,85+,Female,,,"1,279"
2045,85+,Female,,,"1,360"
2046,85+,Female,,,"1,449"
2047,85+,Female,,,"1,539"
2048,85+,Female,,,"1,629"
2049,85+,Female,,,"1,718"
2050,85+,Female,,,"1,808"
2020,,,Port Vila,,40143
2025,,,Port Vila,,41516
2030,,,Port Vila,,41556
2035,,,Port Vila,,40508
2040,,,Port Vila,,38709
2045,,,Port Vila,,36361
2050,,,Port Vila,,33651
2020,0,,Port Vila,,984
2025,0,,Port Vila,,872
2030,0,,Port Vila,,743
2035,0,,Port Vila,,613
2040,0,,Port Vila,,492
2045,0,,Port Vila,,384
2050,0,,Port Vila,,293
2020,1-4,,Port Vila,,3822
2025,1-4,,Port Vila,,3942
2030,1-4,,Port Vila,,3900
2035,1-4,,Port Vila,,3721
2040,1-4,,Port Vila,,3443
2045,1-4,,Port Vila,,3095
2050,1-4,,Port Vila,,2706
2020,5-9,,Port Vila,,4227
2025,5-9,,Port Vila,,4528
2030,5-9,,Port Vila,,4654
2035,5-9,,Port Vila,,4614
2040,5-9,,Port Vila,,4436
2045,5-9,,Port Vila,,4145
2050,5-9,,Port Vila,,3767
2020,10-14,,Port Vila,,3703
2025,10-14,,Port Vila,,3943
2030,10-14,,Port Vila,,4028
2035,10-14,,Port Vila,,3968
2040,10-14,,Port Vila,,3790
2045,10-14,,Port Vila,,3517
2050,10-14,,Port Vila,,3175
2020,15-19,,Port Vila,,3488
2025,15-19,,Port Vila,,3199
2030,15-19,,Port Vila,,2815
2035,15-19,,Port Vila,,2390
2040,15-19,,Port Vila,,1968
2045,15-19,,Port Vila,,1575
2050,15-19,,Port Vila,,1226
2020,20-24,,Port Vila,,4206
2025,20-24,,Port Vila,,3841
2030,20-24,,Port Vila,,3365
2035,20-24,,Port Vila,,2844
2040,20-24,,Port Vila,,2332
2045,20-24,,Port Vila,,1857
2050,20-24,,Port Vila,,1439
2020,25-29,,Port Vila,,3938
2025,25-29,,Port Vila,,3992
2030,25-29,,Port Vila,,3886
2035,25-29,,Port Vila,,3654
2040,25-29,,Port Vila,,3338
2045,25-29,,Port Vila,,2967
2050,25-29,,Port Vila,,2568
2020,30-34,,Port Vila,,3414
2025,30-34,,Port Vila,,3557
2030,30-34,,Port Vila,,3559
2035,30-34,,Port Vila,,3438
2040,30-34,,Port Vila,,3224
2045,30-34,,Port Vila,,2940
2050,30-34,,Port Vila,,2611
2020,35-39,,Port Vila,,2585
2025,35-39,,Port Vila,,2584
2030,35-39,,Port Vila,,2481
2035,35-39,,Port Vila,,2300
2040,35-39,,Port Vila,,2072
2045,35-39,,Port Vila,,1815
2050,35-39,,Port Vila,,1548
2020,40-44,,Port Vila,,2344
2025,40-44,,Port Vila,,2427
2030,40-44,,Port Vila,,2412
2035,40-44,,Port Vila,,2314
2040,40-44,,Port Vila,,2156
2045,40-44,,Port Vila,,1952
2050,40-44,,Port Vila,,1721
2020,45-49,,Port Vila,,2089
2025,45-49,,Port Vila,,2184
2030,45-49,,Port Vila,,2190
2035,45-49,,Port Vila,,2119
2040,45-49,,Port Vila,,1988
2045,45-49,,Port Vila,,1813
2050,45-49,,Port Vila,,1608
2020,50-54,,Port Vila,,1757
2025,50-54,,Port Vila,,2034
2030,50-54,,Port Vila,,2262
2035,50-54,,Port Vila,,2430
2040,50-54,,Port Vila,,2535
2045,50-54,,Port Vila,,2572
2050,50-54,,Port Vila,,2541
2020,55-59,,Port Vila,,1300
2025,55-59,,Port Vila,,1472
2030,55-59,,Port Vila,,1601
2035,55-59,,Port Vila,,1684
2040,55-59,,Port Vila,,1722
2045,55-59,,Port Vila,,1715
2050,55-59,,Port Vila,,1666
2020,60-64,,Port Vila,,1002
2025,60-64,,Port Vila,,1332
2030,60-64,,Port Vila,,1703
2035,60-64,,Port Vila,,2105
2040,60-64,,Port Vila,,2531
2045,60-64,,Port Vila,,2964
2050,60-64,,Port Vila,,3386
2020,65-69,,Port Vila,,606
2025,65-69,,Port Vila,,747
2030,65-69,,Port Vila,,886
2035,65-69,,Port Vila,,1018
2040,65-69,,Port Vila,,1137
2045,65-69,,Port Vila,,1239
2050,65-69,,Port Vila,,1317
2020,70-74,,Port Vila,,322
2025,70-74,,Port Vila,,453
2030,70-74,,Port Vila,,613
2035,70-74,,Port Vila,,802
2040,70-74,,Port Vila,,1018
2045,70-74,,Port Vila,,1257
2050,70-74,,Port Vila,,1513
2020,75-79,,Port Vila,,201
2025,75-79,,Port Vila,,237
2030,75-79,,Port Vila,,268
2035,75-79,,Port Vila,,292
2040,75-79,,Port Vila,,309
2045,75-79,,Port Vila,,318
2050,75-79,,Port Vila,,318
2020,80-84,,Port Vila,,89
2025,80-84,,Port Vila,,109
2030,80-84,,Port Vila,,131
2035,80-84,,Port Vila,,153
2040,80-84,,Port Vila,,175
2045,80-84,,Port Vila,,197
2050,80-84,,Port Vila,,217
2020,85+,,Port Vila,,65
2025,85+,,Port Vila,,62
2030,85+,,Port Vila,,57
2035,85+,,Port Vila,,51
2040,85+,,Port Vila,,44
2045,85+,,Port Vila,,38
2050,85+,,Port Vila,,31
2020,,,Luganville,,17207
2025,,,Luganville,,20877
2030,,,Luganville,,24436
2035,,,Luganville,,27748
2040,,,Luganville,,30759
2045,,,Luganville,,33360
2050,,,Luganville,,35455
2020,0,,Luganville,,459
2025,0,,Luganville,,549
2030,0,,Luganville,,628
2035,0,,Luganville,,694
2040,0,,Luganville,,744
2045,0,,Luganville,,774
2050,0,,Luganville,,784
2020,1-4,,Luganville,,1762
2025,1-4,,Luganville,,2174
2030,1-4,,Luganville,,2574
2035,1-4,,Luganville,,2938
2040,1-4,,Luganville,,3252
2045,1-4,,Luganville,,3497
2050,1-4,,Luganville,,3658
2020,5-9,,Luganville,,2169
2025,5-9,,Luganville,,2812
2030,5-9,,Luganville,,3499
2035,5-9,,Luganville,,4197
2040,5-9,,Luganville,,4884
2045,5-9,,Luganville,,5520
2050,5-9,,Luganville,,6069
2020,10-14,,Luganville,,1823
2025,10-14,,Luganville,,2097
2030,10-14,,Luganville,,2313
2035,10-14,,Luganville,,2461
2040,10-14,,Luganville,,2539
2045,10-14,,Luganville,,2546
2050,10-14,,Luganville,,2482
2020,15-19,,Luganville,,1668
2025,15-19,,Luganville,,1810
2030,15-19,,Luganville,,1889
2035,15-19,,Luganville,,1905
2040,15-19,,Luganville,,1866
2045,15-19,,Luganville,,1779
2050,15-19,,Luganville,,1652
2020,20-24,,Luganville,,1617
2025,20-24,,Luganville,,1910
2030,20-24,,Luganville,,2165
2035,20-24,,Luganville,,2369
2040,20-24,,Luganville,,2514
2045,20-24,,Luganville,,2594
2050,20-24,,Luganville,,2604
2020,25-29,,Luganville,,1513
2025,25-29,,Luganville,,1836
2030,25-29,,Luganville,,2138
2035,25-29,,Luganville,,2404
2040,25-29,,Luganville,,2622
2045,25-29,,Luganville,,2780
2050,25-29,,Luganville,,2868
2020,30-34,,Luganville,,1242
2025,30-34,,Luganville,,1505
2030,30-34,,Luganville,,1751
2035,30-34,,Luganville,,1968
2040,30-34,,Luganville,,2147
2045,30-34,,Luganville,,2279
2050,30-34,,Luganville,,2354
2020,35-39,,Luganville,,1014
2025,35-39,,Luganville,,1161
2030,35-39,,Luganville,,1276
2035,35-39,,Luganville,,1353
2040,35-39,,Luganville,,1392
2045,35-39,,Luganville,,1393
2050,35-39,,Luganville,,1356
2020,40-44,,Luganville,,883
2025,40-44,,Luganville,,1018
2030,40-44,,Luganville,,1128
2035,40-44,,Luganville,,1207
2040,40-44,,Luganville,,1256
2045,40-44,,Luganville,,1271
2050,40-44,,Luganville,,1253
2020,45-49,,Luganville,,810
2025,45-49,,Luganville,,960
2030,45-49,,Luganville,,1092
2035,45-49,,Luganville,,1197
2040,45-49,,Luganville,,1273
2045,45-49,,Luganville,,1316
2050,45-49,,Luganville,,1322
2020,50-54,,Luganville,,720
2025,50-54,,Luganville,,944
2030,50-54,,Luganville,,1191
2035,50-54,,Luganville,,1453
2040,50-54,,Luganville,,1722
2045,50-54,,Luganville,,1989
2050,50-54,,Luganville,,2239
2020,55-59,,Luganville,,520
2025,55-59,,Luganville,,667
2030,55-59,,Luganville,,823
2035,55-59,,Luganville,,979
2040,55-59,,Luganville,,1133
2045,55-59,,Luganville,,1275
2050,55-59,,Luganville,,1398
2020,60-64,,Luganville,,393
2025,60-64,,Luganville,,561
2030,60-64,,Luganville,,769
2035,60-64,,Luganville,,1017
2040,60-64,,Luganville,,1306
2045,60-64,,Luganville,,1629
2050,60-64,,Luganville,,1977
2020,65-69,,Luganville,,261
2025,65-69,,Luganville,,373
2030,65-69,,Luganville,,517
2035,65-69,,Luganville,,702
2040,65-69,,Luganville,,939
2045,65-69,,Luganville,,1237
2050,65-69,,Luganville,,1602
2020,70-74,,Luganville,,148
2025,70-74,,Luganville,,208
2030,70-74,,Luganville,,281
2035,70-74,,Luganville,,366
2040,70-74,,Luganville,,465
2045,70-74,,Luganville,,575
2050,70-74,,Luganville,,693
2020,75-79,,Luganville,,92
2025,75-79,,Luganville,,125
2030,75-79,,Luganville,,166
2035,75-79,,Luganville,,216
2040,75-79,,Luganville,,279
2045,75-79,,Luganville,,355
2050,75-79,,Luganville,,445
2020,80-84,,Luganville,,51
2025,80-84,,Luganville,,78
2030,80-84,,Luganville,,115
2035,80-84,,Luganville,,165
2040,80-84,,Luganville,,229
2045,80-84,,Luganville,,312
2050,80-84,,Luganville,,414
2020,85+,,Luganville,,64
2025,85+,,Luganville,,89
2030,85+,,Luganville,,120
2035,85+,,Luganville,,156
2040,85+,,Luganville,,196
2045,85+,,Luganville,,240
2050,85+,,Luganville,,286
2020,,,,Torba,11166
2025,,,,Torba,12983
2030,,,,Torba,14555
2035,,,,Torba,15819
2040,,,,Torba,16769
2045,,,,Torba,17373
2050,,,,Torba,17614
2020,0,,,Torba,311
2025,0,,,Torba,342
2030,0,,,Torba,361
2035,0,,,Torba,368
2040,0,,,Torba,365
2045,0,,,Torba,351
2050,0,,,Torba,328
2020,1-4,,,Torba,1250
2025,1-4,,,Torba,1409
2030,1-4,,,Torba,1526
2035,1-4,,,Torba,1594
2040,1-4,,,Torba,1616
2045,1-4,,,Torba,1593
2050,1-4,,,Torba,1527
2020,5-9,,,Torba,1598
2025,5-9,,,Torba,1854
2030,5-9,,,Torba,2065
2035,5-9,,,Torba,2216
2040,5-9,,,Torba,2308
2045,5-9,,,Torba,2335
2050,5-9,,,Torba,2297
2020,10-14,,,Torba,1374
2025,10-14,,,Torba,1524
2030,10-14,,,Torba,1623
2035,10-14,,,Torba,1670
2040,10-14,,,Torba,1671
2045,10-14,,,Torba,1627
2050,10-14,,,Torba,1543
2020,15-19,,,Torba,945
2025,15-19,,,Torba,1011
2030,15-19,,,Torba,1038
2035,15-19,,,Torba,1027
2040,15-19,,,Torba,986
2045,15-19,,,Torba,920
2050,15-19,,,Torba,835
2020,20-24,,,Torba,860
2025,20-24,,,Torba,952
2030,20-24,,,Torba,1012
2035,20-24,,,Torba,1038
2040,20-24,,,Torba,1033
2045,20-24,,,Torba,999
2050,20-24,,,Torba,941
2020,25-29,,,Torba,881
2025,25-29,,,Torba,1034
2030,25-29,,,Torba,1164
2035,25-29,,,Torba,1265
2040,25-29,,,Torba,1333
2045,25-29,,,Torba,1365
2050,25-29,,,Torba,1360
2020,30-34,,,Torba,791
2025,30-34,,,Torba,1001
2030,30-34,,,Torba,1215
2035,30-34,,,Torba,1423
2040,30-34,,,Torba,1617
2045,30-34,,,Torba,1784
2050,30-34,,,Torba,1915
2020,35-39,,,Torba,647
2025,35-39,,,Torba,729
2030,35-39,,,Torba,789
2035,35-39,,,Torba,824
2040,35-39,,,Torba,835
2045,35-39,,,Torba,822
2050,35-39,,,Torba,788
2020,40-44,,,Torba,512
2025,40-44,,,Torba,598
2030,40-44,,,Torba,670
2035,40-44,,,Torba,725
2040,40-44,,,Torba,760
2045,40-44,,,Torba,776
2050,40-44,,,Torba,770
2020,45-49,,,Torba,521
2025,45-49,,,Torba,683
2030,45-49,,,Torba,864
2035,45-49,,,Torba,1060
2040,45-49,,,Torba,1266
2045,45-49,,,Torba,1475
2050,45-49,,,Torba,1679
2020,50-54,,,Torba,401
2025,50-54,,,Torba,516
2030,50-54,,,Torba,637
2035,50-54,,,Torba,760
2040,50-54,,,Torba,878
2045,50-54,,,Torba,986
2050,50-54,,,Torba,1077
2020,55-59,,,Torba,331
2025,55-59,,,Torba,427
2030,55-59,,,Torba,530
2035,55-59,,,Torba,634
2040,55-59,,,Torba,737
2045,55-59,,,Torba,831
2050,55-59,,,Torba,913
2020,60-64,,,Torba,213
2025,60-64,,,Torba,244
2030,60-64,,,Torba,268
2035,60-64,,,Torba,284
2040,60-64,,,Torba,292
2045,60-64,,,Torba,292
2050,60-64,,,Torba,284
2020,65-69,,,Torba,211
2025,65-69,,,Torba,268
2030,65-69,,,Torba,326
2035,65-69,,,Torba,383
2040,65-69,,,Torba,436
2045,65-69,,,Torba,483
2050,65-69,,,Torba,520
2020,70-74,,,Torba,134
2025,70-74,,,Torba,177
2030,70-74,,,Torba,228
2035,70-74,,,Torba,290
2040,70-74,,,Torba,364
2045,70-74,,,Torba,451
2050,70-74,,,Torba,549
2020,75-79,,,Torba,77
2025,75-79,,,Torba,86
2030,75-79,,,Torba,94
2035,75-79,,,Torba,101
2040,75-79,,,Torba,106
2045,75-79,,,Torba,109
2050,75-79,,,Torba,110
2020,80-84,,,Torba,53
2025,80-84,,,Torba,66
2030,80-84,,,Torba,80
2035,80-84,,,Torba,94
2040,80-84,,,Torba,106
2045,80-84,,,Torba,118
2050,80-84,,,Torba,127
2020,85+,,,Torba,57
2025,85+,,,Torba,61
2030,85+,,,Torba,63
2035,85+,,,Torba,63
2040,85+,,,Torba,61
2045,85+,,,Torba,58
2050,85+,,,Torba,53
2020,,,,Sanma Rural,41639
2025,,,,Sanma Rural,49801
2030,,,,Sanma Rural,57357
2035,,,,Sanma Rural,63955
2040,,,,Sanma Rural,69466
2045,,,,Sanma Rural,73656
2050,,,,Sanma Rural,76360
2020,0,,,Sanma Rural,1152
2025,0,,,Sanma Rural,1289
2030,0,,,Sanma Rural,1385
2035,0,,,Sanma Rural,1435
2040,0,,,Sanma Rural,1442
2045,0,,,Sanma Rural,1408
2050,0,,,Sanma Rural,1337
2020,1-4,,,Sanma Rural,4850
2025,1-4,,,Sanma Rural,5630
2030,1-4,,,Sanma Rural,6269
2035,1-4,,,Sanma Rural,6730
2040,1-4,,,Sanma Rural,7008
2045,1-4,,,Sanma Rural,7089
2050,1-4,,,Sanma Rural,6974
2020,5-9,,,Sanma Rural,5850
2025,5-9,,,Sanma Rural,6930
2030,5-9,,,Sanma Rural,7876
2035,5-9,,,Sanma Rural,8630
2040,5-9,,,Sanma Rural,9172
2045,5-9,,,Sanma Rural,9469
2050,5-9,,,Sanma Rural,9508
2020,10-14,,,Sanma Rural,4768
2025,10-14,,,Sanma Rural,5447
2030,10-14,,,Sanma Rural,5971
2035,10-14,,,Sanma Rural,6311
2040,10-14,,,Sanma Rural,6472
2045,10-14,,,Sanma Rural,6448
2050,10-14,,,Sanma Rural,6250
2020,15-19,,,Sanma Rural,3412
2025,15-19,,,Sanma Rural,3675
2030,15-19,,,Sanma Rural,3799
2035,15-19,,,Sanma Rural,3789
2040,15-19,,,Sanma Rural,3666
2045,15-19,,,Sanma Rural,3447
2050,15-19,,,Sanma Rural,3153
2020,20-24,,,Sanma Rural,3817
2025,20-24,,,Sanma Rural,4671
2030,20-24,,,Sanma Rural,5488
2035,20-24,,,Sanma Rural,6221
2040,20-24,,,Sanma Rural,6842
2045,20-24,,,Sanma Rural,7314
2050,20-24,,,Sanma Rural,7606
2020,25-29,,,Sanma Rural,3436
2025,25-29,,,Sanma Rural,4142
2030,25-29,,,Sanma Rural,4792
2035,25-29,,,Sanma Rural,5348
2040,25-29,,,Sanma Rural,5792
2045,25-29,,,Sanma Rural,6095
2050,25-29,,,Sanma Rural,6239
2020,30-34,,,Sanma Rural,2872
2025,30-34,,,Sanma Rural,3455
2030,30-34,,,Sanma Rural,3988
2035,30-34,,,Sanma Rural,4439
2040,30-34,,,Sanma Rural,4794
2045,30-34,,,Sanma Rural,5029
2050,30-34,,,Sanma Rural,5131
2020,35-39,,,Sanma Rural,2437
2025,35-39,,,Sanma Rural,2967
2030,35-39,,,Sanma Rural,3465
2035,35-39,,,Sanma Rural,3902
2040,35-39,,,Sanma Rural,4262
2045,35-39,,,Sanma Rural,4523
2050,35-39,,,Sanma Rural,4667
2020,40-44,,,Sanma Rural,2153
2025,40-44,,,Sanma Rural,2819
2030,40-44,,,Sanma Rural,3544
2035,40-44,,,Sanma Rural,4296
2040,40-44,,,Sanma Rural,5052
2045,40-44,,,Sanma Rural,5772
2050,40-44,,,Sanma Rural,6414
2020,45-49,,,Sanma Rural,1781
2025,45-49,,,Sanma Rural,2207
2030,45-49,,,Sanma Rural,2628
2035,45-49,,,Sanma Rural,3018
2040,45-49,,,Sanma Rural,3365
2045,45-49,,,Sanma Rural,3648
2050,45-49,,,Sanma Rural,3849
2020,50-54,,,Sanma Rural,1367
2025,50-54,,,Sanma Rural,1805
2030,50-54,,,Sanma Rural,2285
2035,50-54,,,Sanma Rural,2791
2040,50-54,,,Sanma Rural,3306
2045,50-54,,,Sanma Rural,3805
2050,50-54,,,Sanma Rural,4259
2020,55-59,,,Sanma Rural,1030
2025,55-59,,,Sanma Rural,1223
2030,55-59,,,Sanma Rural,1393
2035,55-59,,,Sanma Rural,1530
2040,55-59,,,Sanma Rural,1629
2045,55-59,,,Sanma Rural,1687
2050,55-59,,,Sanma Rural,1699
2020,60-64,,,Sanma Rural,925
2025,60-64,,,Sanma Rural,1200
2030,60-64,,,Sanma Rural,1494
2035,60-64,,,Sanma Rural,1794
2040,60-64,,,Sanma Rural,2090
2045,60-64,,,Sanma Rural,2368
2050,60-64,,,Sanma Rural,2609
2020,65-69,,,Sanma Rural,642
2025,65-69,,,Sanma Rural,736
2030,65-69,,,Sanma Rural,810
2035,65-69,,,Sanma Rural,859
2040,65-69,,,Sanma Rural,883
2045,65-69,,,Sanma Rural,882
2050,65-69,,,Sanma Rural,857
2020,70-74,,,Sanma Rural,439
2025,70-74,,,Sanma Rural,605
2030,70-74,,,Sanma Rural,810
2035,70-74,,,Sanma Rural,1059
2040,70-74,,,Sanma Rural,1360
2045,70-74,,,Sanma Rural,1716
2050,70-74,,,Sanma Rural,2129
2020,75-79,,,Sanma Rural,327
2025,75-79,,,Sanma Rural,440
2030,75-79,,,Sanma Rural,570
2035,75-79,,,Sanma Rural,712
2040,75-79,,,Sanma Rural,865
2045,75-79,,,Sanma Rural,1023
2050,75-79,,,Sanma Rural,1181
2020,80-84,,,Sanma Rural,187
2025,80-84,,,Sanma Rural,289
2030,80-84,,,Sanma Rural,431
2035,80-84,,,Sanma Rural,623
2040,80-84,,,Sanma Rural,878
2045,80-84,,,Sanma Rural,1208
2050,80-84,,,Sanma Rural,1623
2020,85+,,,Sanma Rural,194
2025,85+,,,Sanma Rural,270
2030,85+,,,Sanma Rural,360
2035,85+,,,Sanma Rural,466
2040,85+,,,Sanma Rural,589
2045,85+,,,Sanma Rural,726
2050,85+,,,Sanma Rural,875
2020,,,,Penama,32537
2025,,,,Penama,35733
2030,,,,Penama,37781
2035,,,,Penama,38646
2040,,,,Penama,38460
2045,,,,Penama,37298
2050,,,,Penama,35281
2020,0,,,Penama,938
2025,0,,,Penama,990
2030,0,,,Penama,1003
2035,0,,,Penama,980
2040,0,,,Penama,929
2045,0,,,Penama,856
2050,0,,,Penama,767
2020,1-4,,,Penama,3928
2025,1-4,,,Penama,4340
2030,1-4,,,Penama,4603
2035,1-4,,,Penama,4707
2040,1-4,,,Penama,4670
2045,1-4,,,Penama,4503
2050,1-4,,,Penama,4222
2020,5-9,,,Penama,4682
2025,5-9,,,Penama,5312
2030,5-9,,,Penama,5786
2035,5-9,,,Penama,6078
2040,5-9,,,Penama,6194
2045,5-9,,,Penama,6135
2050,5-9,,,Penama,5912
2020,10-14,,,Penama,3969
2025,10-14,,,Penama,4187
2030,10-14,,,Penama,4236
2035,10-14,,,Penama,4132
2040,10-14,,,Penama,3909
2045,10-14,,,Penama,3593
2050,10-14,,,Penama,3212
2020,15-19,,,Penama,2434
2025,15-19,,,Penama,2318
2030,15-19,,,Penama,2117
2035,15-19,,,Penama,1865
2040,15-19,,,Penama,1593
2045,15-19,,,Penama,1322
2050,15-19,,,Penama,1067
2020,20-24,,,Penama,2527
2025,20-24,,,Penama,2857
2030,20-24,,,Penama,3101
2035,20-24,,,Penama,3248
2040,20-24,,,Penama,3301
2045,20-24,,,Penama,3260
2050,20-24,,,Penama,3133
2020,25-29,,,Penama,2349
2025,25-29,,,Penama,2619
2030,25-29,,,Penama,2805
2035,25-29,,,Penama,2898
2040,25-29,,,Penama,2906
2045,25-29,,,Penama,2831
2050,25-29,,,Penama,2684
2020,30-34,,,Penama,2020
2025,30-34,,,Penama,2252
2030,30-34,,,Penama,2411
2035,30-34,,,Penama,2489
2040,30-34,,,Penama,2493
2045,30-34,,,Penama,2426
2050,30-34,,,Penama,2296
2020,35-39,,,Penama,1824
2025,35-39,,,Penama,1947
2030,35-39,,,Penama,1995
2035,35-39,,,Penama,1972
2040,35-39,,,Penama,1890
2045,35-39,,,Penama,1760
2050,35-39,,,Penama,1594
2020,40-44,,,Penama,1576
2025,40-44,,,Penama,1742
2030,40-44,,,Penama,1848
2035,40-44,,,Penama,1890
2040,40-44,,,Penama,1876
2045,40-44,,,Penama,1809
2050,40-44,,,Penama,1697
2020,45-49,,,Penama,1414
2025,45-49,,,Penama,1565
2030,45-49,,,Penama,1666
2035,45-49,,,Penama,1713
2040,45-49,,,Penama,1711
2045,45-49,,,Penama,1664
2050,45-49,,,Penama,1577
2020,50-54,,,Penama,1267
2025,50-54,,,Penama,1513
2030,50-54,,,Penama,1735
2035,50-54,,,Penama,1918
2040,50-54,,,Penama,2058
2045,50-54,,,Penama,2145
2050,50-54,,,Penama,2176
2020,55-59,,,Penama,1024
2025,55-59,,,Penama,1191
2030,55-59,,,Penama,1336
2035,55-59,,,Penama,1450
2040,55-59,,,Penama,1533
2045,55-59,,,Penama,1581
2050,55-59,,,Penama,1590
2020,60-64,,,Penama,817
2025,60-64,,,Penama,992
2030,60-64,,,Penama,1157
2035,60-64,,,Penama,1303
2040,60-64,,,Penama,1425
2045,60-64,,,Penama,1514
2050,60-64,,,Penama,1566
2020,65-69,,,Penama,624
2025,65-69,,,Penama,681
2030,65-69,,,Penama,713
2035,65-69,,,Penama,721
2040,65-69,,,Penama,708
2045,65-69,,,Penama,676
2050,65-69,,,Penama,629
2020,70-74,,,Penama,448
2025,70-74,,,Penama,519
2030,70-74,,,Penama,580
2035,70-74,,,Penama,628
2040,70-74,,,Penama,663
2045,70-74,,,Penama,683
2050,70-74,,,Penama,688
2020,75-79,,,Penama,306
2025,75-79,,,Penama,308
2030,75-79,,,Penama,298
2035,75-79,,,Penama,278
2040,75-79,,,Penama,252
2045,75-79,,,Penama,223
2050,75-79,,,Penama,191
2020,80-84,,,Penama,189
2025,80-84,,,Penama,206
2030,80-84,,,Penama,216
2035,80-84,,,Penama,218
2040,80-84,,,Penama,214
2045,80-84,,,Penama,204
2050,80-84,,,Penama,189
2020,85+,,,Penama,202
2025,85+,,,Penama,193
2030,85+,,,Penama,177
2035,85+,,,Penama,157
2040,85+,,,Penama,135
2045,85+,,,Penama,113
2050,85+,,,Penama,92
2020,,,,Malampa,39715
2025,,,,Malampa,44107
2030,,,,Malampa,47179
2035,,,,Malampa,48845
2040,,,,Malampa,49225
2045,,,,Malampa,48369
2050,,,,Malampa,46385
2020,0,,,Malampa,844
2025,0,,,Malampa,811
2030,0,,,Malampa,747
2035,0,,,Malampa,664
2040,0,,,Malampa,573
2045,0,,,Malampa,480
2050,0,,,Malampa,391
2020,1-4,,,Malampa,4265
2025,1-4,,,Malampa,4632
2030,1-4,,,Malampa,4826
2035,1-4,,,Malampa,4850
2040,1-4,,,Malampa,4726
2045,1-4,,,Malampa,4476
2050,1-4,,,Malampa,4122
2020,5-9,,,Malampa,5550
2025,5-9,,,Malampa,6283
2030,5-9,,,Malampa,6824
2035,5-9,,,Malampa,7152
2040,5-9,,,Malampa,7273
2045,5-9,,,Malampa,7190
2050,5-9,,,Malampa,6916
2020,10-14,,,Malampa,4650
2025,10-14,,,Malampa,4951
2030,10-14,,,Malampa,5055
2035,10-14,,,Malampa,4977
2040,10-14,,,Malampa,4751
2045,10-14,,,Malampa,4407
2050,10-14,,,Malampa,3975
2020,15-19,,,Malampa,2921
2025,15-19,,,Malampa,2876
2030,15-19,,,Malampa,2720
2035,15-19,,,Malampa,2482
2040,15-19,,,Malampa,2198
2045,15-19,,,Malampa,1892
2050,15-19,,,Malampa,1585
2020,20-24,,,Malampa,2854
2025,20-24,,,Malampa,3120
2030,20-24,,,Malampa,3281
2035,20-24,,,Malampa,3334
2040,20-24,,,Malampa,3291
2045,20-24,,,Malampa,3163
2050,20-24,,,Malampa,2962
2020,25-29,,,Malampa,2782
2025,25-29,,,Malampa,3064
2030,25-29,,,Malampa,3244
2035,25-29,,,Malampa,3315
2040,25-29,,,Malampa,3289
2045,25-29,,,Malampa,3173
2050,25-29,,,Malampa,2980
2020,30-34,,,Malampa,2729
2025,30-34,,,Malampa,3142
2030,30-34,,,Malampa,3471
2035,30-34,,,Malampa,3699
2040,30-34,,,Malampa,3823
2045,30-34,,,Malampa,3840
2050,30-34,,,Malampa,3750
2020,35-39,,,Malampa,2338
2025,35-39,,,Malampa,2597
2030,35-39,,,Malampa,2772
2035,35-39,,,Malampa,2857
2040,35-39,,,Malampa,2859
2045,35-39,,,Malampa,2782
2050,35-39,,,Malampa,2635
2020,40-44,,,Malampa,2117
2025,40-44,,,Malampa,2394
2030,40-44,,,Malampa,2597
2035,40-44,,,Malampa,2719
2040,40-44,,,Malampa,2761
2045,40-44,,,Malampa,2724
2050,40-44,,,Malampa,2615
2020,45-49,,,Malampa,1966
2025,45-49,,,Malampa,2256
2030,45-49,,,Malampa,2487
2035,45-49,,,Malampa,2647
2040,45-49,,,Malampa,2735
2045,45-49,,,Malampa,2747
2050,45-49,,,Malampa,2687
2020,50-54,,,Malampa,1606
2025,50-54,,,Malampa,1921
2030,50-54,,,Malampa,2211
2035,50-54,,,Malampa,2458
2040,50-54,,,Malampa,2655
2045,50-54,,,Malampa,2791
2050,50-54,,,Malampa,2859
2020,55-59,,,Malampa,1412
2025,55-59,,,Malampa,1653
2030,55-59,,,Malampa,1858
2035,55-59,,,Malampa,2015
2040,55-59,,,Malampa,2120
2045,55-59,,,Malampa,2167
2050,55-59,,,Malampa,2155
2020,60-64,,,Malampa,1139
2025,60-64,,,Malampa,1410
2030,60-64,,,Malampa,1676
2035,60-64,,,Malampa,1922
2040,60-64,,,Malampa,2140
2045,60-64,,,Malampa,2316
2050,60-64,,,Malampa,2439
2020,65-69,,,Malampa,940
2025,65-69,,,Malampa,1121
2030,65-69,,,Malampa,1282
2035,65-69,,,Malampa,1415
2040,65-69,,,Malampa,1515
2045,65-69,,,Malampa,1577
2050,65-69,,,Malampa,1596
2020,70-74,,,Malampa,623
2025,70-74,,,Malampa,778
2030,70-74,,,Malampa,931
2035,70-74,,,Malampa,1075
2040,70-74,,,Malampa,1204
2045,70-74,,,Malampa,1311
2050,70-74,,,Malampa,1388
2020,75-79,,,Malampa,427
2025,75-79,,,Malampa,462
2030,75-79,,,Malampa,479
2035,75-79,,,Malampa,479
2040,75-79,,,Malampa,464
2045,75-79,,,Malampa,437
2050,75-79,,,Malampa,401
2020,80-84,,,Malampa,248
2025,80-84,,,Malampa,322
2030,80-84,,,Malampa,400
2035,80-84,,,Malampa,481
2040,80-84,,,Malampa,560
2045,80-84,,,Malampa,634
2050,80-84,,,Malampa,698
2020,85+,,,Malampa,304
2025,85+,,,Malampa,317
2030,85+,,,Malampa,317
2035,85+,,,Malampa,306
2040,85+,,,Malampa,287
2045,85+,,,Malampa,261
2050,85+,,,Malampa,231
2020,,,,Shefa Rural,61550
2025,,,,Shefa Rural,85534
2030,,,,Shefa Rural,114399
2035,,,,Shefa Rural,148000
2040,,,,Shefa Rural,186238
2045,,,,Shefa Rural,228305
2050,,,,Shefa Rural,272893
2020,0,,,Shefa Rural,1676
2025,0,,,Shefa Rural,2387
2030,0,,,Shefa Rural,3261
2035,0,,,Shefa Rural,4296
2040,0,,,Shefa Rural,5489
2045,0,,,Shefa Rural,6815
2050,0,,,Shefa Rural,8229
2020,1-4,,,Shefa Rural,6668
2025,1-4,,,Shefa Rural,9404
2030,1-4,,,Shefa Rural,12730
2035,1-4,,,Shefa Rural,16620
2040,1-4,,,Shefa Rural,21051
2045,1-4,,,Shefa Rural,25910
2050,1-4,,,Shefa Rural,31023
2020,5-9,,,Shefa Rural,7808
2025,5-9,,,Shefa Rural,11261
2030,5-9,,,Shefa Rural,15581
2035,5-9,,,Shefa Rural,20786
2040,5-9,,,Shefa Rural,26896
2045,5-9,,,Shefa Rural,33810
2050,5-9,,,Shefa Rural,41337
2020,10-14,,,Shefa Rural,6580
2025,10-14,,,Shefa Rural,8693
2030,10-14,,,Shefa Rural,11017
2035,10-14,,,Shefa Rural,13465
2040,10-14,,,Shefa Rural,15964
2045,10-14,,,Shefa Rural,18389
2050,10-14,,,Shefa Rural,20604
2020,15-19,,,Shefa Rural,5021
2025,15-19,,,Shefa Rural,6116
2030,15-19,,,Shefa Rural,7148
2035,15-19,,,Shefa Rural,8055
2040,15-19,,,Shefa Rural,8805
2045,15-19,,,Shefa Rural,9350
2050,15-19,,,Shefa Rural,9656
2020,20-24,,,Shefa Rural,5553
2025,20-24,,,Shefa Rural,7541
2030,20-24,,,Shefa Rural,9826
2035,20-24,,,Shefa Rural,12349
2040,20-24,,,Shefa Rural,15052
2045,20-24,,,Shefa Rural,17825
2050,20-24,,,Shefa Rural,20529
2020,25-29,,,Shefa Rural,5271
2025,25-29,,,Shefa Rural,7879
2030,25-29,,,Shefa Rural,11303
2035,25-29,,,Shefa Rural,15641
2040,25-29,,,Shefa Rural,20995
2045,25-29,,,Shefa Rural,27381
2050,25-29,,,Shefa Rural,34728
2020,30-34,,,Shefa Rural,4622
2025,30-34,,,Shefa Rural,6615
2030,30-34,,,Shefa Rural,9087
2035,30-34,,,Shefa Rural,12048
2040,30-34,,,Shefa Rural,15501
2045,30-34,,,Shefa Rural,19388
2050,30-34,,,Shefa Rural,23595
2020,35-39,,,Shefa Rural,3554
2025,35-39,,,Shefa Rural,4668
2030,35-39,,,Shefa Rural,5884
2035,35-39,,,Shefa Rural,7157
2040,35-39,,,Shefa Rural,8443
2045,35-39,,,Shefa Rural,9679
2050,35-39,,,Shefa Rural,10792
2020,40-44,,,Shefa Rural,3263
2025,40-44,,,Shefa Rural,4521
2030,40-44,,,Shefa Rural,6011
2035,40-44,,,Shefa Rural,7708
2040,40-44,,,Shefa Rural,9587
2045,40-44,,,Shefa Rural,11584
2050,40-44,,,Shefa Rural,13614
2020,45-49,,,Shefa Rural,3004
2025,45-49,,,Shefa Rural,4294
2030,45-49,,,Shefa Rural,5889
2035,45-49,,,Shefa Rural,7789
2040,45-49,,,Shefa Rural,9992
2045,45-49,,,Shefa Rural,12454
2050,45-49,,,Shefa Rural,15096
2020,50-54,,,Shefa Rural,2508
2025,50-54,,,Shefa Rural,3664
2030,50-54,,,Shefa Rural,5138
2035,50-54,,,Shefa Rural,6957
2040,50-54,,,Shefa Rural,9143
2045,50-54,,,Shefa Rural,11685
2050,50-54,,,Shefa Rural,14535
2020,55-59,,,Shefa Rural,1960
2025,55-59,,,Shefa Rural,2798
2030,55-59,,,Shefa Rural,3833
2035,55-59,,,Shefa Rural,5068
2040,55-59,,,Shefa Rural,6503
2045,55-59,,,Shefa Rural,8112
2050,55-59,,,Shefa Rural,9847
2020,60-64,,,Shefa Rural,1519
2025,60-64,,,Shefa Rural,2250
2030,60-64,,,Shefa Rural,3197
2035,60-64,,,Shefa Rural,4381
2040,60-64,,,Shefa Rural,5824
2045,60-64,,,Shefa Rural,7523
2050,60-64,,,Shefa Rural,9451
2020,65-69,,,Shefa Rural,1001
2025,65-69,,,Shefa Rural,1292
2030,65-69,,,Shefa Rural,1599
2035,65-69,,,Shefa Rural,1910
2040,65-69,,,Shefa Rural,2212
2045,65-69,,,Shefa Rural,2489
2050,65-69,,,Shefa Rural,2724
2020,70-74,,,Shefa Rural,686
2025,70-74,,,Shefa Rural,994
2030,70-74,,,Shefa Rural,1383
2035,70-74,,,Shefa Rural,1858
2040,70-74,,,Shefa Rural,2421
2045,70-74,,,Shefa Rural,3068
2050,70-74,,,Shefa Rural,3784
2020,75-79,,,Shefa Rural,474
2025,75-79,,,Shefa Rural,677
2030,75-79,,,Shefa Rural,930
2035,75-79,,,Shefa Rural,1235
2040,75-79,,,Shefa Rural,1592
2045,75-79,,,Shefa Rural,1999
2050,75-79,,,Shefa Rural,2444
2020,80-84,,,Shefa Rural,193
2025,80-84,,,Shefa Rural,249
2030,80-84,,,Shefa Rural,309
2035,80-84,,,Shefa Rural,371
2040,80-84,,,Shefa Rural,431
2045,80-84,,,Shefa Rural,487
2050,80-84,,,Shefa Rural,536
2020,85+,,,Shefa Rural,190
2025,85+,,,Shefa Rural,232
2030,85+,,,Shefa Rural,271
2035,85+,,,Shefa Rural,306
2040,85+,,,Shefa Rural,335
2045,85+,,,Shefa Rural,357
2050,85+,,,Shefa Rural,370
2020,,,,,43353
2025,,,,,52769
2030,,,,,61776
2035,,,,,69925
2040,,,,,76988
2045,,,,,82619
2050,,,,,86550
2020,0,,,,1286
2025,0,,,,1513
2030,0,,,,1709
2035,0,,,,1864
2040,0,,,,1976
2045,0,,,,2037
2050,0,,,,2046
2020,1-4,,,,5663
2025,1-4,,,,6748
2030,1-4,,,,7714
2035,1-4,,,,8501
2040,1-4,,,,9087
2045,1-4,,,,9437
2050,1-4,,,,9531
2020,5-9,,,,6620
2025,5-9,,,,7897
2030,5-9,,,,9038
2035,5-9,,,,9973
2040,5-9,,,,10673
2045,5-9,,,,11097
2050,5-9,,,,11221
2020,10-14,,,,5619
2025,10-14,,,,6647
2030,10-14,,,,7541
2035,10-14,,,,8249
2040,10-14,,,,8750
2045,10-14,,,,9017
2050,10-14,,,,9037
2020,15-19,,,,3893
2025,15-19,,,,4834
2030,15-19,,,,5766
2035,15-19,,,,6637
2040,15-19,,,,7416
2045,15-19,,,,8057
2050,15-19,,,,8520
2020,20-24,,,,3587
2025,20-24,,,,4455
2030,20-24,,,,5320
2035,20-24,,,,6137
2040,20-24,,,,6874
2045,20-24,,,,7489
2050,20-24,,,,7944
2020,25-29,,,,3108
2025,25-29,,,,3765
2030,25-29,,,,4378
2035,25-29,,,,4913
2040,25-29,,,,5347
2045,25-29,,,,5655
2050,25-29,,,,5817
2020,30-34,,,,2734
2025,30-34,,,,3434
2030,30-34,,,,4143
2035,30-34,,,,4823
2040,30-34,,,,5448
2045,30-34,,,,5982
2050,30-34,,,,6390
2020,35-39,,,,2058
2025,35-39,,,,2360
2030,35-39,,,,2597
2035,35-39,,,,2756
2040,35-39,,,,2838
2045,35-39,,,,2839
2050,35-39,,,,2763
2020,40-44,,,,1949
2025,40-44,,,,2452
2030,40-44,,,,2962
2035,40-44,,,,3453
2040,40-44,,,,3906
2045,40-44,,,,4296
2050,40-44,,,,4596
2020,45-49,,,,1727
2025,45-49,,,,2144
2030,45-49,,,,2558
2035,45-49,,,,2950
2040,45-49,,,,3305
2045,45-49,,,,3603
2050,45-49,,,,3826
2020,50-54,,,,1273
2025,50-54,,,,1601
2030,50-54,,,,1932
2035,50-54,,,,2249
2040,50-54,,,,2541
2045,50-54,,,,2790
2050,50-54,,,,2979
2020,55-59,,,,1102
2025,55-59,,,,1352
2030,55-59,,,,1593
2035,55-59,,,,1811
2040,55-59,,,,1997
2045,55-59,,,,2141
2050,55-59,,,,2232
2020,60-64,,,,974
2025,60-64,,,,1347
2030,60-64,,,,1788
2035,60-64,,,,2292
2040,60-64,,,,2851
2045,60-64,,,,3446
2050,60-64,,,,4052
2020,65-69,,,,653
2025,65-69,,,,744
2030,65-69,,,,815
2035,65-69,,,,862
2040,65-69,,,,885
2045,65-69,,,,883
2050,65-69,,,,858
2020,70-74,,,,445
2025,70-74,,,,573
2030,70-74,,,,709
2035,70-74,,,,849
2040,70-74,,,,987
2045,70-74,,,,1116
2050,70-74,,,,1230
2020,75-79,,,,298
2025,75-79,,,,352
2030,75-79,,,,398
2035,75-79,,,,435
2040,75-79,,,,461
2045,75-79,,,,475
2050,75-79,,,,476
2020,80-84,,,,191
2025,80-84,,,,311
2030,80-84,,,,486
2035,80-84,,,,733
2040,80-84,,,,1073
2045,80-84,,,,1526
2050,80-84,,,,2112
2020,85+,,,,170
2025,85+,,,,240
2030,85+,,,,329
2035,85+,,,,438
2040,85+,,,,572
2045,85+,,,,732
2050,85+,,,,917
